Home team name,Away team name,Home score,Away score,Home ranking,Away ranking
Denizlispor,Galatasaray,2,0,20.0,20.0
Genclerbirligi,Rizespor,0,1,20.0,20.0
Sivasspor,Besiktas,3,0,20.0,20.0
Kayserispor,Alanyaspor,0,1,20.0,20.0
Konyaspor,Ankaragucu,0,0,20.0,20.0
Yeni Malatyaspor,Basaksehir,3,0,20.0,20.0
Kasimpasa,Trabzonspor,1,1,20.0,20.0
Goztepe,Antalyaspor,0,1,20.0,20.0
Fenerbahce,Gaziantep,5,0,20.0,20.0
Besiktas,Goztepe,3,0,16.0,14.0
Ankaragucu,Kayserispor,1,1,10.0,14.0
Basaksehir,Fenerbahce,1,2,16.0,1.0
Alanyaspor,Kasimpasa,4,1,6.0,11.0
Trabzonspor,Yeni Malatyaspor,2,1,11.0,4.0
Rizespor,Sivasspor,2,1,7.0,4.0
Galatasaray,Konyaspor,1,1,15.0,11.0
Antalyaspor,Denizlispor,0,2,8.0,5.0
Gaziantep,Genclerbirligi,4,1,18.0,15.0
Kayserispor,Galatasaray,2,3,13.0,14.0
Kasimpasa,Ankaragucu,0,1,15.0,13.0
Konyaspor,Antalyaspor,2,2,13.0,11.0
Goztepe,Denizlispor,0,0,18.0,2.0
Besiktas,Rizespor,1,1,11.0,4.0
Sivasspor,Gaziantep,1,1,10.0,13.0
Genclerbirligi,Basaksehir,1,2,17.0,18.0
Yeni Malatyaspor,Alanyaspor,2,3,12.0,4.0
Fenerbahce,Trabzonspor,1,1,4.0,7.0
Galatasaray,Kasimpasa,1,0,9.0,16.0
Basaksehir,Sivasspor,1,1,14.0,8.0
Gaziantep,Besiktas,3,2,11.0,9.0
Antalyaspor,Kayserispor,2,2,11.0,15.0
Rizespor,Goztepe,0,0,4.0,16.0
Ankaragucu,Yeni Malatyaspor,0,4,8.0,13.0
Trabzonspor,Genclerbirligi,2,2,9.0,18.0
Denizlispor,Konyaspor,0,1,4.0,14.0
Alanyaspor,Fenerbahce,3,1,1.0,3.0
Goztepe,Konyaspor,1,0,16.0,8.0
Kasimpasa,Antalyaspor,3,0,18.0,11.0
Kayserispor,Denizlispor,1,1,17.0,4.0
Fenerbahce,Ankaragucu,2,1,4.0,11.0
Rizespor,Gaziantep,1,2,4.0,6.0
Genclerbirligi,Alanyaspor,1,1,18.0,1.0
Yeni Malatyaspor,Galatasaray,1,1,7.0,6.0
Sivasspor,Trabzonspor,2,1,10.0,8.0
Besiktas,Basaksehir,1,1,14.0,16.0
Basaksehir,Rizespor,5,0,12.0,6.0
Denizlispor,Kasimpasa,0,1,4.0,16.0
Alanyaspor,Sivasspor,1,1,1.0,4.0
Galatasaray,Fenerbahce,0,0,7.0,2.0
Konyaspor,Kayserispor,2,1,11.0,17.0
Antalyaspor,Yeni Malatyaspor,3,0,16.0,10.0
Ankaragucu,Genclerbirligi,2,1,16.0,18.0
Trabzonspor,Besiktas,4,1,14.0,15.0
Gaziantep,Goztepe,1,1,3.0,15.0
Yeni Malatyaspor,Denizlispor,5,1,13.0,8.0
Fenerbahce,Antalyaspor,0,1,2.0,10.0
Kasimpasa,Konyaspor,1,4,14.0,8.0
Goztepe,Kayserispor,4,0,15.0,17.0
Genclerbirligi,Galatasaray,0,0,18.0,10.0
Sivasspor,Ankaragucu,3,1,8.0,13.0
Besiktas,Alanyaspor,2,0,16.0,1.0
Rizespor,Trabzonspor,1,2,14.0,9.0
Gaziantep,Basaksehir,1,2,7.0,11.0
Galatasaray,Sivasspor,3,2,10.0,2.0
Antalyaspor,Genclerbirligi,0,6,8.0,17.0
Trabzonspor,Gaziantep,4,1,5.0,8.0
Basaksehir,Goztepe,2,1,7.0,11.0
Ankaragucu,Besiktas,0,0,15.0,13.0
Kayserispor,Kasimpasa,1,1,18.0,16.0
Alanyaspor,Rizespor,5,2,2.0,16.0
Denizlispor,Fenerbahce,1,2,14.0,7.0
Konyaspor,Yeni Malatyaspor,0,2,7.0,10.0
Rizespor,Ankaragucu,2,0,16.0,13.0
Sivasspor,Antalyaspor,2,1,7.0,11.0
Gaziantep,Alanyaspor,1,1,9.0,1.0
Fenerbahce,Konyaspor,5,1,4.0,8.0
Yeni Malatyaspor,Kayserispor,4,0,6.0,18.0
Goztepe,Kasimpasa,1,4,12.0,16.0
Genclerbirligi,Denizlispor,0,2,17.0,16.0
Besiktas,Galatasaray,1,0,14.0,7.0
Basaksehir,Trabzonspor,2,2,6.0,4.0
Galatasaray,Rizespor,2,0,7.0,13.0
Konyaspor,Genclerbirligi,1,1,9.0,17.0
Trabzonspor,Goztepe,0,1,4.0,15.0
Alanyaspor,Basaksehir,0,0,1.0,7.0
Antalyaspor,Besiktas,1,2,14.0,9.0
Denizlispor,Sivasspor,0,2,12.0,7.0
Kasimpasa,Yeni Malatyaspor,2,2,12.0,4.0
Kayserispor,Fenerbahce,1,0,18.0,4.0
Ankaragucu,Gaziantep,1,2,16.0,12.0
Fenerbahce,Kasimpasa,3,2,4.0,11.0
Genclerbirligi,Kayserispor,2,1,17.0,18.0
Sivasspor,Konyaspor,2,0,3.0,10.0
Rizespor,Antalyaspor,1,0,14.0,15.0
Gaziantep,Galatasaray,0,2,9.0,7.0
Goztepe,Yeni Malatyaspor,1,1,13.0,5.0
Trabzonspor,Alanyaspor,1,0,6.0,3.0
Besiktas,Denizlispor,1,0,8.0,14.0
Basaksehir,Ankaragucu,2,1,8.0,17.0
Galatasaray,Basaksehir,0,1,6.0,5.0
Denizlispor,Rizespor,2,0,14.0,10.0
Ankaragucu,Trabzonspor,0,3,17.0,5.0
Konyaspor,Besiktas,0,1,13.0,8.0
Kayserispor,Sivasspor,1,4,18.0,3.0
Kasimpasa,Genclerbirligi,1,2,14.0,16.0
Alanyaspor,Goztepe,0,1,6.0,13.0
Yeni Malatyaspor,Fenerbahce,0,0,8.0,5.0
Antalyaspor,Gaziantep,1,1,16.0,10.0
Genclerbirligi,Yeni Malatyaspor,3,3,13.0,6.0
Sivasspor,Kasimpasa,2,0,1.0,15.0
Rizespor,Konyaspor,3,1,13.0,14.0
Alanyaspor,Ankaragucu,5,0,7.0,17.0
Goztepe,Fenerbahce,2,2,10.0,5.0
Gaziantep,Denizlispor,1,2,11.0,13.0
Basaksehir,Antalyaspor,2,0,5.0,16.0
Trabzonspor,Galatasaray,1,1,4.0,8.0
Besiktas,Kayserispor,4,1,6.0,18.0
Fenerbahce,Genclerbirligi,5,2,6.0,13.0
Yeni Malatyaspor,Sivasspor,1,3,7.0,1.0
Ankaragucu,Goztepe,1,3,17.0,10.0
Galatasaray,Alanyaspor,1,0,8.0,6.0
Konyaspor,Gaziantep,0,0,14.0,12.0
Denizlispor,Basaksehir,1,1,10.0,3.0
Antalyaspor,Trabzonspor,1,3,16.0,5.0
Kasimpasa,Besiktas,2,3,15.0,5.0
Kayserispor,Rizespor,1,0,18.0,12.0
Alanyaspor,Antalyaspor,0,0,7.0,16.0
Rizespor,Kasimpasa,0,3,12.0,16.0
Genclerbirligi,Goztepe,3,1,14.0,9.0
Galatasaray,Ankaragucu,2,2,7.0,18.0
Gaziantep,Kayserispor,3,0,12.0,17.0
Sivasspor,Fenerbahce,3,1,1.0,5.0
Besiktas,Yeni Malatyaspor,0,2,2.0,8.0
Trabzonspor,Denizlispor,1,2,3.0,11.0
Basaksehir,Konyaspor,1,1,4.0,15.0
Antalyaspor,Ankaragucu,2,2,16.0,18.0
Yeni Malatyaspor,Rizespor,0,2,7.0,13.0
Kasimpasa,Gaziantep,3,4,14.0,11.0
Goztepe,Galatasaray,2,1,11.0,6.0
Genclerbirligi,Sivasspor,2,2,13.0,1.0
Kayserispor,Basaksehir,1,4,18.0,2.0
Fenerbahce,Besiktas,3,1,5.0,3.0
Konyaspor,Trabzonspor,0,1,15.0,5.0
Denizlispor,Alanyaspor,1,5,11.0,7.0
Besiktas,Genclerbirligi,4,1,5.0,13.0
Ankaragucu,Denizlispor,2,2,17.0,11.0
Trabzonspor,Kayserispor,6,2,4.0,18.0
Basaksehir,Kasimpasa,5,1,3.0,14.0
Galatasaray,Antalyaspor,5,0,7.0,16.0
Sivasspor,Goztepe,1,0,1.0,9.0
Gaziantep,Yeni Malatyaspor,1,1,10.0,8.0
Alanyaspor,Konyaspor,2,1,7.0,14.0
Rizespor,Fenerbahce,1,2,12.0,6.0
Ankaragucu,Konyaspor,0,1,17.0,15.0
Alanyaspor,Kayserispor,5,1,6.0,18.0
Basaksehir,Yeni Malatyaspor,4,1,2.0,8.0
Gaziantep,Fenerbahce,0,2,9.0,5.0
Antalyaspor,Goztepe,0,3,16.0,10.0
Trabzonspor,Kasimpasa,6,0,5.0,15.0
Galatasaray,Denizlispor,2,1,7.0,11.0
Besiktas,Sivasspor,1,2,7.0,1.0
Rizespor,Genclerbirligi,2,0,12.0,13.0
Genclerbirligi,Gaziantep,1,0,13.0,10.0
Kayserispor,Ankaragucu,1,1,18.0,17.0
Kasimpasa,Alanyaspor,1,2,15.0,5.0
Fenerbahce,Basaksehir,2,0,5.0,2.0
Denizlispor,Antalyaspor,0,3,12.0,16.0
Goztepe,Besiktas,2,1,8.0,7.0
Konyaspor,Galatasaray,0,3,14.0,6.0
Sivasspor,Rizespor,1,1,1.0,11.0
Basaksehir,Genclerbirligi,3,1,3.0,13.0
Antalyaspor,Konyaspor,0,0,15.0,14.0
Rizespor,Besiktas,1,2,11.0,7.0
Trabzonspor,Fenerbahce,2,1,4.0,3.0
Ankaragucu,Kasimpasa,1,1,17.0,16.0
Gaziantep,Sivasspor,5,1,10.0,1.0
Alanyaspor,Yeni Malatyaspor,2,1,5.0,10.0
Galatasaray,Kayserispor,4,1,6.0,18.0
Denizlispor,Goztepe,1,1,12.0,8.0
Yeni Malatyaspor,Ankaragucu,0,1,10.0,17.0
Konyaspor,Denizlispor,0,0,14.0,12.0
Genclerbirligi,Trabzonspor,0,2,13.0,3.0
Besiktas,Gaziantep,3,0,7.0,9.0
Fenerbahce,Alanyaspor,1,1,5.0,4.0
Kayserispor,Antalyaspor,2,2,18.0,15.0
Sivasspor,Basaksehir,1,1,2.0,4.0
Kasimpasa,Galatasaray,0,3,17.0,6.0
Basaksehir,Besiktas,1,0,3.0,7.0
Denizlispor,Kayserispor,0,1,11.0,18.0
Konyaspor,Goztepe,1,3,14.0,8.0
Ankaragucu,Fenerbahce,2,1,16.0,6.0
Alanyaspor,Genclerbirligi,0,1,4.0,13.0
Trabzonspor,Sivasspor,2,1,3.0,2.0
Galatasaray,Yeni Malatyaspor,1,0,5.0,10.0
Gaziantep,Rizespor,2,0,9.0,13.0
Antalyaspor,Kasimpasa,3,1,16.0,17.0
Sivasspor,Alanyaspor,1,0,4.0,5.0
Kayserispor,Konyaspor,2,2,18.0,15.0
Goztepe,Gaziantep,1,1,8.0,9.0
Besiktas,Trabzonspor,2,2,7.0,2.0
Yeni Malatyaspor,Antalyaspor,1,2,10.0,14.0
Genclerbirligi,Ankaragucu,1,0,12.0,16.0
Fenerbahce,Galatasaray,1,3,6.0,4.0
Rizespor,Basaksehir,1,2,14.0,4.0
Kasimpasa,Denizlispor,2,0,17.0,13.0
Alanyaspor,Besiktas,1,2,5.0,7.0
Konyaspor,Kasimpasa,0,0,15.0,17.0
Trabzonspor,Rizespor,5,2,2.0,14.0
Antalyaspor,Fenerbahce,2,2,11.0,7.0
Denizlispor,Yeni Malatyaspor,2,0,13.0,12.0
Ankaragucu,Sivasspor,0,3,17.0,4.0
Galatasaray,Genclerbirligi,3,0,4.0,10.0
Kayserispor,Goztepe,1,0,18.0,8.0
Basaksehir,Gaziantep,3,1,4.0,9.0
Besiktas,Ankaragucu,2,1,5.0,17.0
Yeni Malatyaspor,Konyaspor,1,1,13.0,15.0
Goztepe,Basaksehir,0,3,8.0,1.0
Gaziantep,Trabzonspor,1,1,9.0,2.0
Fenerbahce,Denizlispor,2,2,7.0,10.0
Kasimpasa,Kayserispor,5,1,16.0,18.0
Rizespor,Alanyaspor,1,1,14.0,7.0
Sivasspor,Galatasaray,2,2,4.0,3.0
Genclerbirligi,Antalyaspor,1,1,11.0,12.0
Yeni Malatyaspor,Trabzonspor,1,3,13.0,2.0
Kasimpasa,Goztepe,2,0,16.0,8.0
Ankaragucu,Rizespor,2,1,17.0,15.0
Denizlispor,Genclerbirligi,1,0,10.0,11.0
Alanyaspor,Gaziantep,1,0,6.0,9.0
Konyaspor,Fenerbahce,1,0,16.0,7.0
Kayserispor,Yeni Malatyaspor,2,1,18.0,15.0
Trabzonspor,Basaksehir,1,1,1.0,2.0
Galatasaray,Besiktas,0,0,3.0,6.0
Antalyaspor,Sivasspor,1,0,12.0,4.0
Goztepe,Rizespor,2,0,8.0,16.0
Goztepe,Trabzonspor,1,3,8.0,1.0
Fenerbahce,Kayserispor,2,1,7.0,18.0
Basaksehir,Alanyaspor,2,0,2.0,6.0
Yeni Malatyaspor,Kasimpasa,1,2,15.0,14.0
Besiktas,Antalyaspor,1,2,5.0,11.0
Genclerbirligi,Konyaspor,2,1,13.0,14.0
Rizespor,Galatasaray,2,0,16.0,3.0
Gaziantep,Ankaragucu,1,1,10.0,17.0
Sivasspor,Denizlispor,1,0,4.0,11.0
Ankaragucu,Basaksehir,1,2,17.0,2.0
Kayserispor,Genclerbirligi,2,0,18.0,12.0
Yeni Malatyaspor,Goztepe,2,1,16.0,8.0
Denizlispor,Besiktas,1,5,11.0,5.0
Kasimpasa,Fenerbahce,2,0,13.0,7.0
Konyaspor,Sivasspor,2,2,16.0,3.0
Galatasaray,Gaziantep,3,3,4.0,9.0
Antalyaspor,Rizespor,3,1,10.0,15.0
Alanyaspor,Trabzonspor,2,2,6.0,2.0
Besiktas,Konyaspor,3,0,5.0,16.0
Fenerbahce,Yeni Malatyaspor,3,2,7.0,14.0
Trabzonspor,Ankaragucu,1,1,2.0,18.0
Goztepe,Alanyaspor,3,3,8.0,7.0
Sivasspor,Kayserispor,0,2,3.0,18.0
Rizespor,Denizlispor,2,2,15.0,13.0
Gaziantep,Antalyaspor,1,1,10.0,9.0
Basaksehir,Galatasaray,1,1,1.0,4.0
Genclerbirligi,Kasimpasa,0,2,13.0,11.0
Denizlispor,Gaziantep,0,1,12.0,10.0
Yeni Malatyaspor,Genclerbirligi,0,0,15.0,13.0
Ankaragucu,Alanyaspor,1,4,18.0,7.0
Fenerbahce,Goztepe,2,1,7.0,8.0
Antalyaspor,Basaksehir,0,2,10.0,1.0
Kasimpasa,Sivasspor,0,0,11.0,3.0
Konyaspor,Rizespor,1,0,17.0,15.0
Galatasaray,Trabzonspor,1,3,4.0,2.0
Kayserispor,Besiktas,3,1,17.0,5.0
Genclerbirligi,Fenerbahce,1,1,13.0,6.0
Basaksehir,Denizlispor,2,0,1.0,13.0
Trabzonspor,Antalyaspor,2,2,2.0,10.0
Sivasspor,Yeni Malatyaspor,0,1,3.0,16.0
Goztepe,Ankaragucu,2,2,8.0,18.0
Alanyaspor,Galatasaray,4,1,7.0,4.0
Rizespor,Kayserispor,3,2,17.0,15.0
Gaziantep,Konyaspor,3,1,9.0,17.0
Besiktas,Kasimpasa,3,2,7.0,11.0
Goztepe,Genclerbirligi,1,3,9.0,12.0
Ankaragucu,Galatasaray,1,0,18.0,5.0
Fenerbahce,Sivasspor,1,2,7.0,3.0
Antalyaspor,Alanyaspor,1,0,10.0,6.0
Kayserispor,Gaziantep,1,1,16.0,8.0
Kasimpasa,Rizespor,2,0,11.0,15.0
Yeni Malatyaspor,Besiktas,0,1,13.0,4.0
Konyaspor,Basaksehir,4,3,17.0,1.0
Denizlispor,Trabzonspor,2,1,15.0,2.0
Gaziantep,Kasimpasa,2,2,8.0,11.0
Galatasaray,Goztepe,3,1,5.0,11.0
Trabzonspor,Konyaspor,3,4,2.0,14.0
Sivasspor,Genclerbirligi,2,0,3.0,12.0
Rizespor,Yeni Malatyaspor,3,0,16.0,15.0
Besiktas,Fenerbahce,2,0,4.0,7.0
Basaksehir,Kayserispor,1,0,1.0,17.0
Ankaragucu,Antalyaspor,0,1,18.0,9.0
Alanyaspor,Denizlispor,1,0,6.0,14.0
Antalyaspor,Galatasaray,2,2,8.0,5.0
Yeni Malatyaspor,Gaziantep,0,1,16.0,9.0
Konyaspor,Alanyaspor,2,3,13.0,6.0
Kayserispor,Trabzonspor,1,2,17.0,2.0
Goztepe,Sivasspor,3,1,11.0,3.0
Genclerbirligi,Besiktas,0,3,12.0,4.0
Fenerbahce,Rizespor,3,1,7.0,15.0
Denizlispor,Ankaragucu,0,1,14.0,18.0
Kasimpasa,Basaksehir,3,2,11.0,1.0
