Home team name,Away team name,Home score,Away score,Home ranking,Away ranking
Besiktas,Rizespor,3,0,20.0,20.0
Karagumruk,Gaziantep,3,2,20.0,20.0
Hatayspor,Kasimpasa,1,1,20.0,20.0
Altay,Kayserispor,3,0,20.0,20.0
Basaksehir,Alanyaspor,0,1,20.0,20.0
Antalyaspor,Goztepe,1,1,20.0,20.0
Adana Demirspor,Fenerbahce,0,1,20.0,20.0
Yeni Malatyaspor,Trabzonspor,1,5,20.0,20.0
Sivasspor,Konyaspor,0,1,20.0,20.0
Giresunspor,Galatasaray,0,2,20.0,20.0
Kayserispor,Adana Demirspor,1,1,19.0,15.0
Rizespor,Karagumruk,0,0,19.0,5.0
Kasimpasa,Giresunspor,2,0,10.0,19.0
Gaziantep,Besiktas,0,0,16.0,4.0
Alanyaspor,Altay,1,4,7.0,5.0
Konyaspor,Basaksehir,2,1,8.0,17.0
Goztepe,Yeni Malatyaspor,0,1,12.0,19.0
Fenerbahce,Antalyaspor,2,0,8.0,12.0
Trabzonspor,Sivasspor,2,1,7.0,18.0
Galatasaray,Hatayspor,2,1,8.0,11.0
Antalyaspor,Rizespor,3,2,15.0,16.0
Adana Demirspor,Konyaspor,1,1,15.0,5.0
Yeni Malatyaspor,Gaziantep,2,0,11.0,13.0
Basaksehir,Kayserispor,0,1,18.0,16.0
Hatayspor,Alanyaspor,5,0,14.0,12.0
Besiktas,Karagumruk,1,0,8.0,10.0
Sivasspor,Goztepe,2,2,18.0,15.0
Kasimpasa,Galatasaray,2,2,9.0,6.0
Giresunspor,Trabzonspor,0,1,20.0,5.0
Altay,Fenerbahce,0,2,5.0,6.0
Konyaspor,Altay,3,1,5.0,6.0
Karagumruk,Adana Demirspor,4,0,10.0,15.0
Kayserispor,Kasimpasa,2,0,12.0,9.0
Besiktas,Yeni Malatyaspor,3,0,4.0,9.0
Rizespor,Hatayspor,0,2,18.0,11.0
Fenerbahce,Sivasspor,1,1,4.0,16.0
Trabzonspor,Galatasaray,2,2,4.0,7.0
Goztepe,Basaksehir,2,1,14.0,19.0
Gaziantep,Antalyaspor,2,0,17.0,13.0
Alanyaspor,Giresunspor,1,0,15.0,20.0
Yeni Malatyaspor,Karagumruk,3,4,10.0,7.0
Altay,Goztepe,2,1,9.0,13.0
Sivasspor,Gaziantep,1,1,16.0,14.0
Kasimpasa,Trabzonspor,0,1,12.0,2.0
Antalyaspor,Besiktas,2,3,15.0,2.0
Adana Demirspor,Rizespor,3,1,17.0,18.0
Giresunspor,Konyaspor,0,0,20.0,5.0
Galatasaray,Alanyaspor,0,1,7.0,11.0
Hatayspor,Kayserispor,2,1,9.0,10.0
Basaksehir,Fenerbahce,2,0,20.0,6.0
Rizespor,Altay,1,2,20.0,7.0
Karagumruk,Antalyaspor,0,0,6.0,16.0
Yeni Malatyaspor,Sivasspor,0,1,11.0,18.0
Besiktas,Adana Demirspor,3,3,1.0,16.0
Gaziantep,Basaksehir,1,0,14.0,18.0
Kayserispor,Galatasaray,3,0,11.0,9.0
Goztepe,Hatayspor,0,2,16.0,6.0
Konyaspor,Trabzonspor,2,2,6.0,3.0
Fenerbahce,Giresunspor,2,1,7.0,19.0
Alanyaspor,Kasimpasa,2,0,9.0,15.0
Altay,Besiktas,2,1,5.0,1.0
Sivasspor,Karagumruk,4,0,12.0,8.0
Antalyaspor,Yeni Malatyaspor,1,0,17.0,14.0
Adana Demirspor,Gaziantep,4,0,14.0,11.0
Giresunspor,Kayserispor,1,1,19.0,9.0
Hatayspor,Fenerbahce,1,2,4.0,5.0
Basaksehir,Rizespor,3,0,18.0,20.0
Galatasaray,Goztepe,2,1,12.0,18.0
Trabzonspor,Alanyaspor,1,1,4.0,7.0
Kasimpasa,Konyaspor,2,2,17.0,7.0
Karagumruk,Basaksehir,3,1,9.0,15.0
Antalyaspor,Adana Demirspor,1,2,13.0,12.0
Konyaspor,Alanyaspor,1,1,7.0,8.0
Kayserispor,Trabzonspor,1,2,10.0,2.0
Goztepe,Giresunspor,0,1,18.0,19.0
Besiktas,Sivasspor,2,1,4.0,12.0
Yeni Malatyaspor,Hatayspor,0,2,17.0,8.0
Gaziantep,Altay,4,1,13.0,5.0
Fenerbahce,Kasimpasa,2,1,4.0,16.0
Rizespor,Galatasaray,2,3,20.0,11.0
Basaksehir,Besiktas,3,2,15.0,3.0
Giresunspor,Rizespor,2,0,19.0,20.0
Sivasspor,Antalyaspor,2,2,13.0,15.0
Adana Demirspor,Yeni Malatyaspor,0,2,10.0,18.0
Kasimpasa,Goztepe,1,2,18.0,19.0
Galatasaray,Konyaspor,1,0,8.0,6.0
Altay,Karagumruk,0,1,6.0,7.0
Trabzonspor,Fenerbahce,3,1,2.0,1.0
Hatayspor,Gaziantep,2,1,6.0,12.0
Alanyaspor,Kayserispor,6,3,9.0,11.0
Yeni Malatyaspor,Altay,2,1,16.0,8.0
Rizespor,Kasimpasa,2,1,20.0,19.0
Konyaspor,Kayserispor,2,0,9.0,13.0
Gaziantep,Giresunspor,1,1,12.0,18.0
Goztepe,Trabzonspor,0,1,18.0,1.0
Karagumruk,Hatayspor,1,1,6.0,2.0
Sivasspor,Adana Demirspor,1,1,14.0,10.0
Antalyaspor,Basaksehir,1,2,16.0,15.0
Fenerbahce,Alanyaspor,1,2,3.0,8.0
Besiktas,Galatasaray,2,1,6.0,8.0
Trabzonspor,Rizespor,2,1,1.0,20.0
Kasimpasa,Yeni Malatyaspor,2,0,19.0,13.0
Hatayspor,Besiktas,1,0,2.0,3.0
Altay,Sivasspor,1,1,9.0,14.0
Konyaspor,Fenerbahce,2,1,7.0,5.0
Kayserispor,Karagumruk,2,1,15.0,7.0
Alanyaspor,Goztepe,2,2,5.0,19.0
Galatasaray,Gaziantep,2,0,8.0,14.0
Giresunspor,Antalyaspor,1,2,17.0,18.0
Basaksehir,Adana Demirspor,2,1,13.0,11.0
Rizespor,Alanyaspor,2,0,20.0,3.0
Gaziantep,Kasimpasa,2,0,14.0,17.0
Sivasspor,Giresunspor,0,0,14.0,18.0
Yeni Malatyaspor,Basaksehir,1,3,16.0,10.0
Antalyaspor,Altay,1,0,15.0,10.0
Besiktas,Trabzonspor,1,2,4.0,1.0
Goztepe,Konyaspor,0,2,18.0,5.0
Karagumruk,Galatasaray,1,1,8.0,6.0
Adana Demirspor,Hatayspor,1,0,15.0,2.0
Fenerbahce,Kayserispor,2,2,8.0,14.0
Hatayspor,Antalyaspor,3,1,2.0,14.0
Giresunspor,Yeni Malatyaspor,1,0,17.0,16.0
Basaksehir,Sivasspor,2,1,9.0,15.0
Alanyaspor,Besiktas,2,0,6.0,7.0
Kasimpasa,Karagumruk,1,3,18.0,9.0
Konyaspor,Rizespor,3,0,4.0,20.0
Altay,Adana Demirspor,1,3,11.0,10.0
Galatasaray,Fenerbahce,1,2,7.0,9.0
Trabzonspor,Gaziantep,3,0,1.0,12.0
Kayserispor,Goztepe,1,1,12.0,18.0
Basaksehir,Altay,0,0,7.0,11.0
Adana Demirspor,Kasimpasa,0,0,10.0,19.0
Antalyaspor,Alanyaspor,3,0,14.0,4.0
Rizespor,Kayserispor,1,0,20.0,13.0
Besiktas,Giresunspor,0,4,9.0,16.0
Gaziantep,Konyaspor,3,2,15.0,3.0
Sivasspor,Hatayspor,4,0,16.0,2.0
Karagumruk,Trabzonspor,0,2,6.0,1.0
Yeni Malatyaspor,Galatasaray,0,0,17.0,8.0
Goztepe,Fenerbahce,1,1,18.0,5.0
Kasimpasa,Besiktas,1,1,19.0,10.0
Alanyaspor,Sivasspor,0,1,5.0,14.0
Trabzonspor,Adana Demirspor,2,0,1.0,10.0
Galatasaray,Altay,2,2,8.0,14.0
Kayserispor,Antalyaspor,2,0,16.0,12.0
Hatayspor,Basaksehir,0,3,3.0,7.0
Giresunspor,Karagumruk,3,1,16.0,8.0
Fenerbahce,Rizespor,4,0,5.0,20.0
Konyaspor,Yeni Malatyaspor,0,0,3.0,17.0
Goztepe,Gaziantep,2,1,18.0,15.0
Altay,Hatayspor,1,2,14.0,4.0
Karagumruk,Konyaspor,1,4,8.0,3.0
Rizespor,Goztepe,3,1,20.0,17.0
Basaksehir,Kasimpasa,2,1,5.0,20.0
Antalyaspor,Trabzonspor,2,1,15.0,1.0
Adana Demirspor,Giresunspor,1,0,11.0,13.0
Yeni Malatyaspor,Alanyaspor,2,6,18.0,6.0
Besiktas,Kayserispor,4,2,10.0,14.0
Sivasspor,Galatasaray,1,0,12.0,8.0
Gaziantep,Fenerbahce,3,2,16.0,5.0
Giresunspor,Altay,3,1,14.0,16.0
Kasimpasa,Sivasspor,1,3,20.0,10.0
Trabzonspor,Hatayspor,2,0,1.0,3.0
Konyaspor,Antalyaspor,1,0,2.0,13.0
Galatasaray,Basaksehir,1,1,10.0,4.0
Alanyaspor,Adana Demirspor,1,3,6.0,10.0
Rizespor,Yeni Malatyaspor,1,0,19.0,18.0
Kayserispor,Gaziantep,0,0,15.0,13.0
Goztepe,Karagumruk,0,1,18.0,12.0
Fenerbahce,Besiktas,2,2,5.0,10.0
Basaksehir,Giresunspor,3,1,3.0,12.0
Antalyaspor,Kasimpasa,1,1,14.0,20.0
Altay,Trabzonspor,1,2,16.0,1.0
Adana Demirspor,Galatasaray,2,0,7.0,11.0
Sivasspor,Rizespor,1,1,8.0,17.0
Hatayspor,Konyaspor,1,3,4.0,2.0
Karagumruk,Fenerbahce,1,1,10.0,6.0
Gaziantep,Alanyaspor,2,1,13.0,7.0
Yeni Malatyaspor,Kayserispor,2,2,19.0,15.0
Besiktas,Goztepe,2,1,10.0,19.0
Kasimpasa,Altay,2,0,20.0,16.0
Giresunspor,Hatayspor,0,1,13.0,6.0
Galatasaray,Antalyaspor,2,0,12.0,14.0
Trabzonspor,Basaksehir,0,0,1.0,3.0
Rizespor,Gaziantep,0,1,17.0,12.0
Goztepe,Adana Demirspor,1,1,20.0,6.0
Alanyaspor,Karagumruk,1,1,10.0,12.0
Fenerbahce,Yeni Malatyaspor,2,0,6.0,20.0
Konyaspor,Besiktas,1,0,2.0,7.0
Kayserispor,Sivasspor,3,0,15.0,12.0
Trabzonspor,Yeni Malatyaspor,1,0,1.0,20.0
Gaziantep,Karagumruk,3,1,8.0,11.0
Kasimpasa,Hatayspor,3,1,18.0,5.0
Alanyaspor,Basaksehir,1,1,9.0,3.0
Galatasaray,Giresunspor,0,1,10.0,14.0
Konyaspor,Sivasspor,0,1,2.0,12.0
Kayserispor,Altay,1,0,14.0,17.0
Goztepe,Antalyaspor,4,0,19.0,15.0
Rizespor,Besiktas,2,2,19.0,10.0
Fenerbahce,Adana Demirspor,1,2,4.0,7.0
Yeni Malatyaspor,Goztepe,1,2,20.0,16.0
Besiktas,Gaziantep,1,0,9.0,7.0
Adana Demirspor,Kayserispor,1,1,4.0,11.0
Sivasspor,Trabzonspor,1,1,9.0,1.0
Karagumruk,Rizespor,2,0,13.0,19.0
Antalyaspor,Fenerbahce,1,1,15.0,5.0
Altay,Alanyaspor,0,2,18.0,11.0
Giresunspor,Kasimpasa,0,2,14.0,17.0
Hatayspor,Galatasaray,4,2,7.0,13.0
Konyaspor,Adana Demirspor,1,0,2.0,5.0
Karagumruk,Besiktas,0,1,11.0,7.0
Goztepe,Sivasspor,2,1,17.0,10.0
Kayserispor,Basaksehir,1,0,12.0,5.0
Trabzonspor,Giresunspor,1,1,1.0,14.0
Fenerbahce,Altay,2,1,7.0,18.0
Rizespor,Antalyaspor,2,1,19.0,16.0
Alanyaspor,Hatayspor,6,0,8.0,5.0
Galatasaray,Kasimpasa,1,3,13.0,17.0
Yeni Malatyaspor,Besiktas,1,1,20.0,5.0
Sivasspor,Fenerbahce,1,1,11.0,3.0
Adana Demirspor,Karagumruk,5,0,8.0,12.0
Basaksehir,Goztepe,1,2,8.0,16.0
Kasimpasa,Kayserispor,3,1,16.0,10.0
Hatayspor,Rizespor,0,0,7.0,18.0
Giresunspor,Alanyaspor,1,3,16.0,7.0
Antalyaspor,Gaziantep,0,0,17.0,10.0
Altay,Konyaspor,0,1,19.0,2.0
Galatasaray,Trabzonspor,1,2,15.0,1.0
Konyaspor,Giresunspor,1,0,2.0,16.0
Kayserispor,Hatayspor,4,3,11.0,7.0
Gaziantep,Sivasspor,5,1,10.0,11.0
Trabzonspor,Kasimpasa,1,0,1.0,13.0
Karagumruk,Yeni Malatyaspor,1,0,12.0,20.0
Fenerbahce,Basaksehir,0,1,5.0,9.0
Rizespor,Adana Demirspor,1,3,18.0,4.0
Alanyaspor,Galatasaray,1,1,4.0,15.0
Goztepe,Altay,0,2,15.0,19.0
Besiktas,Antalyaspor,0,0,7.0,17.0
Altay,Rizespor,0,0,19.0,18.0
Giresunspor,Fenerbahce,1,2,16.0,6.0
Basaksehir,Gaziantep,2,0,6.0,9.0
Galatasaray,Kayserispor,1,1,13.0,10.0
Sivasspor,Yeni Malatyaspor,2,1,12.0,20.0
Antalyaspor,Karagumruk,3,0,17.0,12.0
Trabzonspor,Konyaspor,2,1,1.0,2.0
Kasimpasa,Alanyaspor,2,2,15.0,6.0
Hatayspor,Goztepe,2,1,8.0,16.0
Adana Demirspor,Besiktas,1,1,3.0,8.0
Rizespor,Basaksehir,0,2,18.0,4.0
Konyaspor,Kasimpasa,4,4,2.0,14.0
Yeni Malatyaspor,Antalyaspor,1,2,20.0,15.0
Kayserispor,Giresunspor,2,1,10.0,17.0
Besiktas,Altay,1,0,8.0,19.0
Gaziantep,Adana Demirspor,0,3,10.0,4.0
Karagumruk,Sivasspor,1,0,12.0,11.0
Alanyaspor,Trabzonspor,0,4,6.0,1.0
Fenerbahce,Hatayspor,2,0,6.0,8.0
Goztepe,Galatasaray,2,3,16.0,15.0
Basaksehir,Konyaspor,2,1,4.0,2.0
Trabzonspor,Kayserispor,3,2,1.0,9.0
Adana Demirspor,Antalyaspor,0,0,4.0,14.0
Basaksehir,Karagumruk,1,2,3.0,10.0
Sivasspor,Besiktas,2,3,12.0,6.0
Giresunspor,Goztepe,3,1,17.0,16.0
Altay,Gaziantep,3,2,19.0,11.0
Hatayspor,Yeni Malatyaspor,5,2,8.0,20.0
Alanyaspor,Konyaspor,5,1,8.0,2.0
Galatasaray,Rizespor,4,2,13.0,19.0
Kasimpasa,Fenerbahce,1,2,15.0,6.0
Yeni Malatyaspor,Adana Demirspor,1,0,20.0,5.0
Rizespor,Giresunspor,1,2,19.0,16.0
Goztepe,Kasimpasa,2,3,17.0,16.0
Konyaspor,Galatasaray,2,0,2.0,11.0
Karagumruk,Altay,0,0,9.0,18.0
Fenerbahce,Trabzonspor,1,1,4.0,1.0
Antalyaspor,Sivasspor,1,0,16.0,13.0
Kayserispor,Alanyaspor,1,2,10.0,7.0
Gaziantep,Hatayspor,2,2,11.0,8.0
Besiktas,Basaksehir,2,2,7.0,4.0
Hatayspor,Karagumruk,3,0,8.0,9.0
Kasimpasa,Rizespor,3,1,15.0,19.0
Altay,Yeni Malatyaspor,1,0,18.0,20.0
Trabzonspor,Goztepe,4,2,1.0,18.0
Kayserispor,Konyaspor,2,3,10.0,2.0
Adana Demirspor,Sivasspor,2,3,7.0,15.0
Alanyaspor,Fenerbahce,2,5,5.0,4.0
Basaksehir,Antalyaspor,0,1,4.0,15.0
Giresunspor,Gaziantep,2,1,16.0,13.0
Galatasaray,Besiktas,2,1,16.0,8.0
Rizespor,Trabzonspor,3,2,19.0,1.0
Karagumruk,Kayserispor,3,0,9.0,10.0
Yeni Malatyaspor,Kasimpasa,0,2,20.0,15.0
Goztepe,Alanyaspor,0,2,18.0,5.0
Adana Demirspor,Basaksehir,2,1,7.0,5.0
Besiktas,Hatayspor,1,1,8.0,7.0
Sivasspor,Altay,2,1,14.0,17.0
Antalyaspor,Giresunspor,4,1,14.0,16.0
Gaziantep,Galatasaray,3,1,15.0,13.0
Fenerbahce,Konyaspor,2,1,3.0,2.0
Giresunspor,Sivasspor,2,2,16.0,11.0
Kayserispor,Fenerbahce,0,4,14.0,3.0
Altay,Antalyaspor,1,2,17.0,11.0
Galatasaray,Karagumruk,2,0,14.0,10.0
Kasimpasa,Gaziantep,2,1,14.0,13.0
Konyaspor,Goztepe,3,0,3.0,18.0
Alanyaspor,Rizespor,2,1,4.0,19.0
Trabzonspor,Besiktas,1,1,1.0,8.0
Hatayspor,Adana Demirspor,0,0,8.0,5.0
Basaksehir,Yeni Malatyaspor,1,0,7.0,20.0
Karagumruk,Kasimpasa,3,2,10.0,11.0
Rizespor,Konyaspor,2,1,19.0,2.0
Goztepe,Kayserispor,1,2,19.0,15.0
Gaziantep,Trabzonspor,0,0,15.0,1.0
Besiktas,Alanyaspor,4,1,8.0,4.0
Yeni Malatyaspor,Giresunspor,0,1,20.0,16.0
Sivasspor,Basaksehir,0,2,12.0,5.0
Adana Demirspor,Altay,3,1,7.0,17.0
Fenerbahce,Galatasaray,2,0,3.0,13.0
Antalyaspor,Hatayspor,4,1,10.0,8.0
Trabzonspor,Karagumruk,1,1,1.0,10.0
Kayserispor,Rizespor,1,1,14.0,18.0
Hatayspor,Sivasspor,1,1,8.0,13.0
Altay,Basaksehir,1,1,18.0,4.0
Alanyaspor,Antalyaspor,1,3,6.0,9.0
Fenerbahce,Goztepe,2,0,2.0,19.0
Konyaspor,Gaziantep,4,1,3.0,15.0
Kasimpasa,Adana Demirspor,4,0,13.0,5.0
Giresunspor,Besiktas,0,0,16.0,7.0
Galatasaray,Yeni Malatyaspor,2,0,14.0,20.0
Rizespor,Fenerbahce,0,6,18.0,2.0
Karagumruk,Giresunspor,2,1,10.0,15.0
Gaziantep,Goztepe,1,1,16.0,19.0
Adana Demirspor,Trabzonspor,1,3,5.0,1.0
Yeni Malatyaspor,Konyaspor,2,3,20.0,3.0
Basaksehir,Hatayspor,3,0,4.0,10.0
Antalyaspor,Kayserispor,1,1,8.0,14.0
Altay,Galatasaray,0,1,17.0,12.0
Sivasspor,Alanyaspor,1,0,14.0,6.0
Besiktas,Kasimpasa,0,3,7.0,13.0
Giresunspor,Adana Demirspor,2,0,16.0,5.0
Fenerbahce,Gaziantep,3,2,2.0,16.0
Konyaspor,Karagumruk,1,2,3.0,9.0
Kasimpasa,Basaksehir,2,3,11.0,4.0
Trabzonspor,Antalyaspor,2,2,1.0,9.0
Hatayspor,Altay,0,1,10.0,17.0
Kayserispor,Besiktas,2,3,15.0,9.0
Alanyaspor,Yeni Malatyaspor,2,1,9.0,20.0
Goztepe,Rizespor,1,7,19.0,18.0
Galatasaray,Sivasspor,2,3,12.0,13.0
Hatayspor,Trabzonspor,1,1,10.0,1.0
Gaziantep,Kayserispor,1,1,16.0,15.0
Sivasspor,Kasimpasa,1,3,11.0,12.0
Karagumruk,Goztepe,3,1,7.0,19.0
Basaksehir,Galatasaray,0,0,4.0,13.0
Adana Demirspor,Alanyaspor,1,2,8.0,6.0
Yeni Malatyaspor,Rizespor,1,3,20.0,18.0
Altay,Giresunspor,1,1,18.0,15.0
Besiktas,Fenerbahce,1,1,7.0,2.0
Antalyaspor,Konyaspor,3,2,9.0,3.0
Kayserispor,Yeni Malatyaspor,3,0,15.0,20.0
Trabzonspor,Altay,2,1,1.0,18.0
Goztepe,Besiktas,0,2,19.0,7.0
Konyaspor,Hatayspor,3,1,3.0,11.0
Kasimpasa,Antalyaspor,2,4,10.0,8.0
Giresunspor,Basaksehir,1,1,15.0,4.0
Fenerbahce,Karagumruk,0,0,2.0,8.0
Alanyaspor,Gaziantep,3,0,7.0,16.0
Rizespor,Sivasspor,1,2,17.0,12.0
Galatasaray,Adana Demirspor,3,2,13.0,9.0
Gaziantep,Rizespor,2,0,16.0,17.0
Antalyaspor,Galatasaray,1,1,7.0,11.0
Sivasspor,Kayserispor,2,1,11.0,14.0
Altay,Kasimpasa,2,4,18.0,12.0
Yeni Malatyaspor,Fenerbahce,0,5,20.0,2.0
Besiktas,Konyaspor,1,1,7.0,3.0
Karagumruk,Alanyaspor,0,1,8.0,5.0
Basaksehir,Trabzonspor,3,1,5.0,1.0
Hatayspor,Giresunspor,4,1,13.0,15.0
Adana Demirspor,Goztepe,7,0,12.0,19.0
