Home team name,Away team name,Home score,Away score,Home ranking,Away ranking
Istanbulspor AS,Trabzonspor,0,2,20.0,20.0
Sivasspor,Gaziantep,1,1,20.0,20.0
Besiktas,Kayserispor,1,0,20.0,20.0
Karagumruk,Alanyaspor,2,4,20.0,20.0
Giresunspor,Adana Demirspor,2,3,20.0,20.0
Antalyaspor,Galatasaray,0,1,20.0,20.0
Basaksehir,Kasimpasa,4,0,20.0,20.0
Fenerbahce,Umraniyespor,3,3,20.0,20.0
Ankaragucu,Konyaspor,0,0,20.0,20.0
Trabzonspor,Hatayspor,1,0,2.0,20.0
Kayserispor,Istanbulspor AS,1,0,13.0,17.0
Galatasaray,Giresunspor,0,1,6.0,14.0
Adana Demirspor,Sivasspor,3,0,5.0,9.0
Umraniyespor,Antalyaspor,0,1,11.0,15.0
Gaziantep,Ankaragucu,1,0,10.0,12.0
Alanyaspor,Besiktas,3,3,5.0,6.0
Konyaspor,Basaksehir,0,0,12.0,6.0
Kasimpasa,Fenerbahce,0,6,19.0,12.0
Umraniyespor,Galatasaray,0,1,13.0,11.0
Hatayspor,Gaziantep,1,2,16.0,7.0
Giresunspor,Kasimpasa,1,0,10.0,19.0
Antalyaspor,Trabzonspor,5,2,11.0,3.0
Basaksehir,Kayserispor,2,0,8.0,11.0
Besiktas,Karagumruk,4,1,10.0,16.0
Sivasspor,Alanyaspor,1,1,15.0,10.0
Istanbulspor AS,Konyaspor,0,4,17.0,12.0
Fenerbahce,Adana Demirspor,4,2,11.0,4.0
Gaziantep,Antalyaspor,5,2,4.0,5.0
Karagumruk,Ankaragucu,4,1,17.0,14.0
Alanyaspor,Istanbulspor AS,0,1,11.0,18.0
Adana Demirspor,Umraniyespor,1,0,5.0,16.0
Kayserispor,Giresunspor,3,0,12.0,6.0
Kasimpasa,Hatayspor,1,0,19.0,18.0
Trabzonspor,Galatasaray,0,0,8.0,7.0
Konyaspor,Fenerbahce,1,0,11.0,3.0
Besiktas,Sivasspor,3,1,6.0,16.0
Umraniyespor,Trabzonspor,0,1,17.0,8.0
Sivasspor,Karagumruk,0,0,16.0,13.0
Basaksehir,Alanyaspor,2,0,7.0,12.0
Giresunspor,Konyaspor,0,1,11.0,6.0
Fenerbahce,Kayserispor,2,0,7.0,9.0
Hatayspor,Adana Demirspor,1,1,19.0,7.0
Antalyaspor,Kasimpasa,0,2,9.0,16.0
Ankaragucu,Besiktas,2,3,19.0,4.0
Galatasaray,Gaziantep,2,1,8.0,5.0
Alanyaspor,Ankaragucu,2,1,13.0,19.0
Konyaspor,Hatayspor,1,0,2.0,17.0
Karagumruk,Giresunspor,1,1,14.0,12.0
Sivasspor,Istanbulspor AS,1,1,15.0,16.0
Kayserispor,Antalyaspor,1,0,11.0,12.0
Kasimpasa,Galatasaray,2,3,13.0,7.0
Gaziantep,Umraniyespor,1,1,6.0,17.0
Besiktas,Basaksehir,0,1,2.0,6.0
Adana Demirspor,Trabzonspor,3,2,7.0,8.0
Hatayspor,Kayserispor,0,4,18.0,9.0
Galatasaray,Konyaspor,2,1,5.0,1.0
Umraniyespor,Kasimpasa,1,2,17.0,13.0
Istanbulspor AS,Besiktas,2,2,16.0,4.0
Antalyaspor,Adana Demirspor,0,3,13.0,5.0
Trabzonspor,Gaziantep,3,2,9.0,7.0
Basaksehir,Karagumruk,0,0,5.0,14.0
Fenerbahce,Alanyaspor,5,0,9.0,11.0
Ankaragucu,Sivasspor,2,1,18.0,16.0
Kasimpasa,Gaziantep,1,0,10.0,9.0
Kayserispor,Trabzonspor,1,2,8.0,7.0
Ankaragucu,Basaksehir,1,2,16.0,4.0
Adana Demirspor,Galatasaray,0,0,2.0,3.0
Sivasspor,Hatayspor,1,2,16.0,19.0
Alanyaspor,Giresunspor,1,1,11.0,12.0
Konyaspor,Umraniyespor,1,0,6.0,19.0
Besiktas,Fenerbahce,0,0,6.0,7.0
Karagumruk,Istanbulspor AS,1,2,13.0,15.0
Gaziantep,Adana Demirspor,1,1,10.0,2.0
Istanbulspor AS,Ankaragucu,1,2,13.0,16.0
Antalyaspor,Konyaspor,1,1,16.0,3.0
Giresunspor,Besiktas,0,1,12.0,6.0
Umraniyespor,Kayserispor,2,2,19.0,8.0
Hatayspor,Alanyaspor,1,0,18.0,11.0
Fenerbahce,Karagumruk,5,4,7.0,17.0
Trabzonspor,Kasimpasa,0,0,7.0,10.0
Basaksehir,Sivasspor,0,2,5.0,18.0
Alanyaspor,Antalyaspor,3,2,11.0,16.0
Karagumruk,Hatayspor,3,0,18.0,16.0
Kasimpasa,Adana Demirspor,1,4,9.0,2.0
Konyaspor,Gaziantep,0,1,3.0,10.0
Kayserispor,Galatasaray,2,1,9.0,6.0
Basaksehir,Istanbulspor AS,2,0,5.0,14.0
Besiktas,Trabzonspor,2,2,3.0,7.0
Sivasspor,Giresunspor,3,0,15.0,13.0
Ankaragucu,Fenerbahce,0,3,16.0,6.0
Antalyaspor,Istanbulspor AS,2,1,16.0,15.0
Umraniyespor,Karagumruk,1,3,19.0,14.0
Trabzonspor,Sivasspor,1,0,6.0,13.0
Fenerbahce,Basaksehir,1,0,3.0,4.0
Kasimpasa,Kayserispor,0,1,10.0,8.0
Adana Demirspor,Konyaspor,1,1,2.0,7.0
Galatasaray,Alanyaspor,2,2,8.0,12.0
Hatayspor,Besiktas,2,1,18.0,5.0
Giresunspor,Ankaragucu,1,1,16.0,18.0
Karagumruk,Galatasaray,0,2,12.0,8.0
Konyaspor,Kasimpasa,1,1,7.0,11.0
Alanyaspor,Gaziantep,2,0,11.0,9.0
Ankaragucu,Hatayspor,4,1,17.0,15.0
Kayserispor,Adana Demirspor,2,2,8.0,2.0
Besiktas,Umraniyespor,5,2,8.0,19.0
Istanbulspor AS,Fenerbahce,2,5,18.0,1.0
Sivasspor,Antalyaspor,0,2,14.0,15.0
Basaksehir,Giresunspor,3,1,6.0,17.0
Umraniyespor,Alanyaspor,3,1,19.0,9.0
Kasimpasa,Ankaragucu,1,1,11.0,14.0
Giresunspor,Istanbulspor AS,3,2,17.0,18.0
Galatasaray,Besiktas,2,1,5.0,4.0
Gaziantep,Kayserispor,1,2,10.0,8.0
Antalyaspor,Karagumruk,4,2,12.0,13.0
Trabzonspor,Konyaspor,2,2,7.0,8.0
Hatayspor,Basaksehir,3,3,17.0,3.0
Fenerbahce,Sivasspor,1,0,1.0,17.0
Ankaragucu,Trabzonspor,1,1,14.0,7.0
Alanyaspor,Adana Demirspor,0,0,10.0,4.0
Sivasspor,Umraniyespor,2,2,17.0,19.0
Fenerbahce,Giresunspor,1,2,1.0,15.0
Basaksehir,Galatasaray,0,7,2.0,4.0
Karagumruk,Gaziantep,3,3,15.0,11.0
Kayserispor,Konyaspor,1,2,5.0,8.0
Istanbulspor AS,Hatayspor,0,1,18.0,17.0
Umraniyespor,Basaksehir,1,3,19.0,5.0
Antalyaspor,Ankaragucu,0,2,11.0,16.0
Hatayspor,Giresunspor,1,1,15.0,13.0
Kasimpasa,Sivasspor,1,2,15.0,17.0
Trabzonspor,Fenerbahce,2,0,7.0,1.0
Adana Demirspor,Karagumruk,2,1,5.0,17.0
Konyaspor,Alanyaspor,2,2,6.0,9.0
Gaziantep,Besiktas,1,1,10.0,8.0
Galatasaray,Istanbulspor AS,2,1,2.0,18.0
Basaksehir,Antalyaspor,2,0,4.0,12.0
Ankaragucu,Umraniyespor,1,2,11.0,19.0
Fenerbahce,Hatayspor,4,0,3.0,14.0
Istanbulspor AS,Kasimpasa,2,1,19.0,14.0
Alanyaspor,Kayserispor,3,1,9.0,8.0
Karagumruk,Trabzonspor,4,1,17.0,5.0
Sivasspor,Galatasaray,1,2,17.0,2.0
Giresunspor,Gaziantep,2,1,14.0,10.0
Besiktas,Adana Demirspor,1,0,7.0,4.0
Umraniyespor,Hatayspor,2,2,19.0,16.0
Antalyaspor,Fenerbahce,1,2,14.0,2.0
Kayserispor,Karagumruk,2,4,8.0,12.0
Kasimpasa,Alanyaspor,4,1,16.0,9.0
Konyaspor,Sivasspor,2,2,7.0,17.0
Galatasaray,Ankaragucu,2,1,2.0,14.0
Gaziantep,Basaksehir,1,1,13.0,3.0
Trabzonspor,Giresunspor,3,0,7.0,11.0
Adana Demirspor,Istanbulspor AS,6,0,5.0,19.0
Hatayspor,Antalyaspor,0,0,16.0,15.0
Besiktas,Kasimpasa,2,1,6.0,13.0
Karagumruk,Konyaspor,3,3,10.0,7.0
Giresunspor,Umraniyespor,0,1,11.0,18.0
Ankaragucu,Kayserispor,2,1,16.0,8.0
Fenerbahce,Galatasaray,0,3,2.0,1.0
Basaksehir,Adana Demirspor,2,1,3.0,4.0
Istanbulspor AS,Gaziantep,1,1,19.0,13.0
Alanyaspor,Trabzonspor,5,0,9.0,6.0
Kayserispor,Sivasspor,4,1,9.0,17.0
Galatasaray,Hatayspor,4,0,1.0,16.0
Antalyaspor,Giresunspor,2,2,15.0,13.0
Konyaspor,Besiktas,1,2,7.0,5.0
Adana Demirspor,Ankaragucu,3,1,5.0,13.0
Trabzonspor,Basaksehir,1,0,6.0,3.0
Umraniyespor,Istanbulspor AS,0,2,18.0,19.0
Kasimpasa,Karagumruk,2,2,15.0,10.0
Gaziantep,Fenerbahce,1,2,12.0,2.0
Adana Demirspor,Giresunspor,1,1,4.0,11.0
Kasimpasa,Basaksehir,1,3,14.0,4.0
Galatasaray,Antalyaspor,2,1,1.0,15.0
Gaziantep,Sivasspor,1,2,12.0,17.0
Kayserispor,Besiktas,0,2,8.0,5.0
Alanyaspor,Karagumruk,2,2,9.0,10.0
Trabzonspor,Istanbulspor AS,4,0,6.0,18.0
Umraniyespor,Fenerbahce,1,2,19.0,2.0
Konyaspor,Ankaragucu,0,1,7.0,13.0
Besiktas,Alanyaspor,3,0,4.0,9.0
Sivasspor,Adana Demirspor,1,2,15.0,6.0
Hatayspor,Trabzonspor,2,1,17.0,6.0
Ankaragucu,Gaziantep,0,2,11.0,14.0
Giresunspor,Galatasaray,0,4,13.0,1.0
Antalyaspor,Umraniyespor,3,2,16.0,19.0
Istanbulspor AS,Kayserispor,2,4,18.0,8.0
Fenerbahce,Kasimpasa,5,1,2.0,16.0
Basaksehir,Konyaspor,2,0,5.0,8.0
Alanyaspor,Sivasspor,0,3,9.0,17.0
Karagumruk,Besiktas,1,1,10.0,4.0
Kasimpasa,Giresunspor,5,1,17.0,15.0
Gaziantep,Hatayspor,4,1,11.0,17.0
Trabzonspor,Antalyaspor,2,0,6.0,15.0
Galatasaray,Umraniyespor,3,2,1.0,19.0
Konyaspor,Istanbulspor AS,0,1,8.0,18.0
Kayserispor,Basaksehir,1,0,7.0,3.0
Adana Demirspor,Fenerbahce,1,1,6.0,2.0
Ankaragucu,Karagumruk,0,2,12.0,11.0
Sivasspor,Besiktas,1,0,14.0,4.0
Antalyaspor,Gaziantep,1,0,15.0,10.0
Istanbulspor AS,Alanyaspor,2,1,18.0,11.0
Hatayspor,Kasimpasa,1,0,18.0,15.0
Galatasaray,Trabzonspor,2,1,1.0,6.0
Giresunspor,Kayserispor,1,2,17.0,7.0
Fenerbahce,Konyaspor,4,0,2.0,8.0
Umraniyespor,Adana Demirspor,1,1,19.0,5.0
Besiktas,Antalyaspor,0,0,5.0,13.0
Alanyaspor,Basaksehir,1,0,11.0,4.0
Karagumruk,Sivasspor,4,3,10.0,13.0
Trabzonspor,Umraniyespor,1,2,6.0,19.0
Kayserispor,Fenerbahce,1,2,7.0,2.0
Konyaspor,Giresunspor,0,0,10.0,17.0
Besiktas,Ankaragucu,2,1,3.0,15.0
Kasimpasa,Antalyaspor,3,1,16.0,12.0
Giresunspor,Karagumruk,2,2,17.0,8.0
Antalyaspor,Kayserispor,4,0,12.0,7.0
Galatasaray,Kasimpasa,1,0,1.0,13.0
Ankaragucu,Alanyaspor,2,0,17.0,11.0
Trabzonspor,Adana Demirspor,4,1,6.0,5.0
Basaksehir,Besiktas,0,2,5.0,3.0
Istanbulspor AS,Sivasspor,3,0,18.0,15.0
Konyaspor,Galatasaray,2,1,9.0,1.0
Kasimpasa,Umraniyespor,1,1,14.0,19.0
Adana Demirspor,Antalyaspor,2,0,6.0,10.0
Besiktas,Istanbulspor AS,3,1,3.0,16.0
Sivasspor,Ankaragucu,2,0,15.0,14.0
Karagumruk,Basaksehir,2,2,9.0,6.0
Alanyaspor,Fenerbahce,1,3,11.0,2.0
Trabzonspor,Kayserispor,3,4,6.0,7.0
Basaksehir,Ankaragucu,1,0,5.0,15.0
Galatasaray,Adana Demirspor,2,0,1.0,5.0
Umraniyespor,Konyaspor,2,2,19.0,9.0
Giresunspor,Alanyaspor,2,2,17.0,11.0
Fenerbahce,Besiktas,2,4,2.0,3.0
Istanbulspor AS,Karagumruk,0,1,17.0,9.0
Konyaspor,Antalyaspor,1,1,9.0,11.0
Ankaragucu,Istanbulspor AS,3,2,15.0,17.0
Kasimpasa,Trabzonspor,2,0,14.0,6.0
Sivasspor,Basaksehir,1,1,14.0,4.0
Besiktas,Giresunspor,3,1,3.0,16.0
Kayserispor,Umraniyespor,3,1,7.0,19.0
Karagumruk,Fenerbahce,1,2,8.0,3.0
Galatasaray,Kayserispor,6,0,1.0,7.0
Antalyaspor,Alanyaspor,3,1,10.0,11.0
Istanbulspor AS,Basaksehir,1,0,17.0,4.0
Adana Demirspor,Kasimpasa,5,0,5.0,11.0
Fenerbahce,Ankaragucu,2,1,2.0,14.0
Giresunspor,Sivasspor,1,0,17.0,13.0
Trabzonspor,Besiktas,0,0,6.0,3.0
Karagumruk,Umraniyespor,4,2,8.0,19.0
Alanyaspor,Galatasaray,1,4,11.0,1.0
Kayserispor,Kasimpasa,0,0,7.0,12.0
Istanbulspor AS,Antalyaspor,3,3,16.0,10.0
Konyaspor,Adana Demirspor,1,2,9.0,4.0
Basaksehir,Fenerbahce,1,2,5.0,2.0
Ankaragucu,Giresunspor,3,1,14.0,16.0
Sivasspor,Trabzonspor,4,1,14.0,6.0
Umraniyespor,Besiktas,0,2,19.0,3.0
Kasimpasa,Konyaspor,1,2,13.0,9.0
Adana Demirspor,Kayserispor,5,3,4.0,7.0
Galatasaray,Karagumruk,3,3,1.0,8.0
Giresunspor,Basaksehir,2,4,16.0,5.0
Fenerbahce,Istanbulspor AS,3,3,2.0,15.0
Antalyaspor,Sivasspor,1,2,10.0,11.0
Alanyaspor,Umraniyespor,1,0,14.0,19.0
Konyaspor,Trabzonspor,2,1,9.0,6.0
Karagumruk,Antalyaspor,0,1,9.0,11.0
Sivasspor,Fenerbahce,1,3,11.0,2.0
Ankaragucu,Kasimpasa,0,0,13.0,14.0
Besiktas,Galatasaray,3,1,3.0,1.0
Istanbulspor AS,Giresunspor,1,0,15.0,16.0
Antalyaspor,Besiktas,1,3,10.0,3.0
Adana Demirspor,Alanyaspor,4,2,4.0,13.0
Umraniyespor,Sivasspor,4,1,19.0,11.0
Konyaspor,Kayserispor,2,2,8.0,7.0
Giresunspor,Fenerbahce,1,1,16.0,2.0
Trabzonspor,Ankaragucu,2,0,7.0,12.0
Galatasaray,Basaksehir,1,0,2.0,5.0
Sivasspor,Kasimpasa,1,2,11.0,15.0
Istanbulspor AS,Galatasaray,0,2,15.0,1.0
Alanyaspor,Konyaspor,0,3,14.0,8.0
Basaksehir,Umraniyespor,1,1,5.0,18.0
Karagumruk,Adana Demirspor,2,3,9.0,4.0
Ankaragucu,Antalyaspor,1,1,13.0,10.0
Fenerbahce,Trabzonspor,3,1,2.0,6.0
Kasimpasa,Istanbulspor AS,1,0,12.0,15.0
Kayserispor,Alanyaspor,0,4,8.0,14.0
Galatasaray,Sivasspor,2,0,1.0,13.0
Umraniyespor,Ankaragucu,1,2,18.0,14.0
Antalyaspor,Basaksehir,0,0,10.0,5.0
Adana Demirspor,Besiktas,1,4,4.0,3.0
Trabzonspor,Karagumruk,4,1,6.0,9.0
Sivasspor,Konyaspor,1,0,14.0,7.0
Karagumruk,Kayserispor,2,0,9.0,8.0
Istanbulspor AS,Adana Demirspor,0,2,15.0,4.0
Giresunspor,Trabzonspor,2,4,16.0,6.0
Fenerbahce,Antalyaspor,2,0,2.0,10.0
Ankaragucu,Galatasaray,1,4,13.0,1.0
Alanyaspor,Kasimpasa,1,3,14.0,12.0
Konyaspor,Karagumruk,1,1,7.0,9.0
Umraniyespor,Giresunspor,0,1,18.0,16.0
Trabzonspor,Alanyaspor,5,1,5.0,14.0
Kayserispor,Ankaragucu,0,1,8.0,13.0
Kasimpasa,Besiktas,2,5,10.0,3.0
Adana Demirspor,Basaksehir,2,3,4.0,6.0
Galatasaray,Fenerbahce,3,0,1.0,2.0
Sivasspor,Kayserispor,1,1,13.0,8.0
Karagumruk,Kasimpasa,3,0,9.0,10.0
Basaksehir,Trabzonspor,3,1,6.0,5.0
Istanbulspor AS,Umraniyespor,4,0,15.0,18.0
Giresunspor,Antalyaspor,2,0,16.0,12.0
Besiktas,Konyaspor,3,3,3.0,8.0
Ankaragucu,Adana Demirspor,1,2,11.0,4.0
