Home team name,Away team name,Home score,Away score,Home ranking,Away ranking
Trabzonspor,Antalyaspor,1,0,20.0,20.0
Konyaspor,Istanbulspor AS,1,1,20.0,20.0
Kasimpasa,Ankaragucu,3,2,20.0,20.0
Pendikspor,Hatayspor,1,5,20.0,20.0
Kayserispor,Galatasaray,0,0,20.0,20.0
Sivasspor,Samsunspor,1,1,20.0,20.0
Fenerbahce,Gaziantep,2,1,20.0,20.0
Adana Demirspor,Rizespor,2,1,20.0,20.0
Karagumruk,Besiktas,0,1,20.0,20.0
Alanyaspor,Basaksehir,2,0,20.0,20.0
Istanbulspor AS,Kayserispor,1,1,9.0,10.0
Antalyaspor,Konyaspor,1,1,14.0,10.0
Rizespor,Alanyaspor,0,0,17.0,2.0
Hatayspor,Kasimpasa,0,0,2.0,4.0
Galatasaray,Trabzonspor,2,0,11.0,4.0
Basaksehir,Karagumruk,0,2,19.0,18.0
Gaziantep,Sivasspor,1,3,18.0,13.0
Besiktas,Pendikspor,1,1,9.0,19.0
Samsunspor,Fenerbahce,0,2,14.0,7.0
Ankaragucu,Adana Demirspor,1,1,18.0,8.0
Konyaspor,Gaziantep,2,0,11.0,19.0
Trabzonspor,Rizespor,2,3,11.0,16.0
Kasimpasa,Pendikspor,1,1,7.0,18.0
Sivasspor,Antalyaspor,1,1,6.0,16.0
Kayserispor,Samsunspor,2,1,14.0,18.0
Karagumruk,Ankaragucu,1,1,12.0,17.0
Alanyaspor,Hatayspor,0,0,8.0,6.0
Rizespor,Karagumruk,1,0,12.0,10.0
Kasimpasa,Trabzonspor,1,5,7.0,13.0
Pendikspor,Alanyaspor,1,1,17.0,7.0
Basaksehir,Konyaspor,0,1,19.0,6.0
Gaziantep,Galatasaray,0,3,19.0,10.0
Antalyaspor,Kayserispor,1,1,16.0,9.0
Besiktas,Sivasspor,2,0,12.0,9.0
Hatayspor,Adana Demirspor,3,3,9.0,12.0
Ankaragucu,Fenerbahce,0,1,17.0,6.0
Konyaspor,Rizespor,1,2,2.0,5.0
Kayserispor,Gaziantep,2,0,9.0,20.0
Galatasaray,Samsunspor,4,2,5.0,18.0
Adana Demirspor,Pendikspor,3,0,10.0,15.0
Istanbulspor AS,Basaksehir,0,2,16.0,19.0
Fenerbahce,Antalyaspor,3,2,3.0,14.0
Trabzonspor,Besiktas,3,0,9.0,7.0
Alanyaspor,Kasimpasa,3,3,10.0,12.0
Sivasspor,Ankaragucu,1,3,12.0,18.0
Karagumruk,Hatayspor,0,0,14.0,10.0
Gaziantep,Istanbulspor AS,2,0,20.0,18.0
Rizespor,Sivasspor,1,1,3.0,14.0
Pendikspor,Karagumruk,1,1,17.0,14.0
Basaksehir,Galatasaray,1,2,17.0,3.0
Antalyaspor,Samsunspor,2,0,16.0,20.0
Besiktas,Kayserispor,2,1,10.0,5.0
Ankaragucu,Konyaspor,1,1,15.0,8.0
Kasimpasa,Adana Demirspor,2,1,15.0,8.0
Alanyaspor,Fenerbahce,0,1,11.0,2.0
Hatayspor,Trabzonspor,3,2,10.0,5.0
Istanbulspor AS,Galatasaray,0,1,19.0,2.0
Adana Demirspor,Besiktas,4,2,10.0,5.0
Fenerbahce,Basaksehir,4,0,2.0,17.0
Samsunspor,Gaziantep,1,2,20.0,17.0
Sivasspor,Hatayspor,0,0,15.0,5.0
Trabzonspor,Pendikspor,2,1,7.0,17.0
Istanbulspor AS,Antalyaspor,1,2,19.0,13.0
Galatasaray,Ankaragucu,2,1,2.0,14.0
Karagumruk,Kasimpasa,2,3,14.0,11.0
Fenerbahce,Rizespor,5,0,2.0,7.0
Konyaspor,Besiktas,0,2,9.0,8.0
Adana Demirspor,Alanyaspor,4,0,7.0,12.0
Kayserispor,Basaksehir,0,0,9.0,18.0
Alanyaspor,Karagumruk,2,1,13.0,15.0
Adana Demirspor,Trabzonspor,1,0,3.0,5.0
Pendikspor,Sivasspor,2,3,17.0,13.0
Ankaragucu,Kayserispor,3,0,14.0,9.0
Basaksehir,Gaziantep,2,0,17.0,16.0
Antalyaspor,Galatasaray,0,2,13.0,2.0
Rizespor,Samsunspor,1,0,8.0,20.0
Besiktas,Istanbulspor AS,2,0,5.0,19.0
Kasimpasa,Fenerbahce,0,2,7.0,2.0
Hatayspor,Konyaspor,3,1,8.0,13.0
Kayserispor,Rizespor,3,1,9.0,6.0
Konyaspor,Pendikspor,1,2,14.0,18.0
Gaziantep,Antalyaspor,1,0,18.0,13.0
Galatasaray,Besiktas,2,1,2.0,4.0
Sivasspor,Kasimpasa,0,1,10.0,9.0
Istanbulspor AS,Ankaragucu,2,1,19.0,12.0
Samsunspor,Basaksehir,0,0,20.0,16.0
Fenerbahce,Hatayspor,4,2,2.0,6.0
Trabzonspor,Alanyaspor,1,0,9.0,11.0
Karagumruk,Adana Demirspor,2,0,18.0,3.0
Kasimpasa,Istanbulspor AS,3,1,6.0,19.0
Hatayspor,Kayserispor,1,2,7.0,9.0
Alanyaspor,Sivasspor,1,2,11.0,10.0
Rizespor,Galatasaray,0,1,9.0,2.0
Adana Demirspor,Konyaspor,3,0,4.0,15.0
Karagumruk,Trabzonspor,0,0,13.0,7.0
Pendikspor,Fenerbahce,0,5,18.0,2.0
Antalyaspor,Basaksehir,1,0,14.0,17.0
Ankaragucu,Samsunspor,2,0,14.0,20.0
Besiktas,Gaziantep,2,0,7.0,16.0
Galatasaray,Kasimpasa,2,1,2.0,5.0
Istanbulspor AS,Pendikspor,2,4,19.0,18.0
Samsunspor,Hatayspor,2,1,20.0,8.0
Fenerbahce,Trabzonspor,2,3,2.0,6.0
Sivasspor,Adana Demirspor,1,1,10.0,3.0
Konyaspor,Karagumruk,1,1,16.0,13.0
Basaksehir,Ankaragucu,3,3,18.0,11.0
Antalyaspor,Besiktas,3,2,12.0,5.0
Kayserispor,Alanyaspor,1,0,7.0,14.0
Gaziantep,Rizespor,2,0,18.0,11.0
Samsunspor,Istanbulspor AS,2,1,19.0,20.0
Trabzonspor,Konyaspor,2,1,4.0,16.0
Ankaragucu,Antalyaspor,0,4,12.0,8.0
Kasimpasa,Kayserispor,3,4,8.0,5.0
Karagumruk,Sivasspor,3,0,14.0,10.0
Alanyaspor,Gaziantep,0,3,15.0,14.0
Hatayspor,Galatasaray,2,1,10.0,1.0
Pendikspor,Samsunspor,1,0,17.0,19.0
Rizespor,Istanbulspor AS,1,0,13.0,20.0
Besiktas,Basaksehir,1,0,6.0,18.0
Adana Demirspor,Fenerbahce,0,0,6.0,2.0
Istanbulspor AS,Hatayspor,2,1,20.0,9.0
Konyaspor,Kasimpasa,2,0,16.0,8.0
Gaziantep,Ankaragucu,0,1,11.0,14.0
Galatasaray,Alanyaspor,4,0,2.0,17.0
Kayserispor,Adana Demirspor,1,1,5.0,3.0
Samsunspor,Besiktas,1,2,19.0,6.0
Antalyaspor,Rizespor,0,0,7.0,10.0
Fenerbahce,Karagumruk,2,1,2.0,13.0
Sivasspor,Trabzonspor,3,3,14.0,6.0
Basaksehir,Pendikspor,4,1,18.0,16.0
Karagumruk,Istanbulspor AS,3,0,14.0,20.0
Hatayspor,Antalyaspor,3,3,11.0,7.0
Alanyaspor,Konyaspor,2,2,18.0,15.0
Rizespor,Basaksehir,3,2,10.0,17.0
Pendikspor,Galatasaray,0,2,16.0,2.0
Adana Demirspor,Samsunspor,2,3,4.0,19.0
Kasimpasa,Gaziantep,4,2,10.0,14.0
Trabzonspor,Kayserispor,0,1,5.0,6.0
Ankaragucu,Besiktas,1,1,12.0,4.0
Fenerbahce,Sivasspor,4,1,2.0,13.0
Galatasaray,Adana Demirspor,3,1,2.0,5.0
Antalyaspor,Karagumruk,2,1,9.0,11.0
Samsunspor,Kasimpasa,4,2,18.0,8.0
Besiktas,Fenerbahce,1,3,4.0,2.0
Istanbulspor AS,Alanyaspor,0,1,20.0,19.0
Kayserispor,Pendikspor,2,0,3.0,18.0
Basaksehir,Hatayspor,1,0,19.0,10.0
Gaziantep,Trabzonspor,1,3,15.0,6.0
Konyaspor,Sivasspor,0,1,16.0,14.0
Ankaragucu,Rizespor,1,1,13.0,9.0
Basaksehir,Sivasspor,3,1,14.0,12.0
Istanbulspor AS,Trabzonspor,0,3,20.0,4.0
Gaziantep,Adana Demirspor,2,2,15.0,6.0
Kayserispor,Fenerbahce,3,4,4.0,1.0
Galatasaray,Karagumruk,1,0,2.0,14.0
Antalyaspor,Kasimpasa,0,0,7.0,9.0
Samsunspor,Konyaspor,1,1,17.0,16.0
Rizespor,Pendikspor,5,1,9.0,19.0
Besiktas,Alanyaspor,1,3,5.0,18.0
Ankaragucu,Hatayspor,0,0,11.0,10.0
Sivasspor,Istanbulspor AS,1,0,13.0,20.0
Karagumruk,Gaziantep,0,3,14.0,16.0
Trabzonspor,Basaksehir,1,1,3.0,14.0
Konyaspor,Kayserispor,2,0,17.0,4.0
Adana Demirspor,Antalyaspor,2,1,7.0,8.0
Fenerbahce,Galatasaray,0,0,1.0,2.0
Kasimpasa,Rizespor,2,2,9.0,7.0
Alanyaspor,Samsunspor,3,1,17.0,18.0
Pendikspor,Ankaragucu,1,1,19.0,13.0
Hatayspor,Besiktas,1,2,13.0,6.0
Gaziantep,Pendikspor,2,2,15.0,19.0
Besiktas,Kasimpasa,1,3,5.0,9.0
Antalyaspor,Alanyaspor,0,0,9.0,13.0
Rizespor,Hatayspor,2,0,7.0,14.0
Basaksehir,Adana Demirspor,0,0,15.0,7.0
Samsunspor,Karagumruk,1,0,18.0,17.0
Ankaragucu,Trabzonspor,0,1,12.0,3.0
Kayserispor,Sivasspor,1,3,4.0,10.0
Istanbulspor AS,Fenerbahce,1,5,20.0,1.0
Galatasaray,Konyaspor,3,0,2.0,16.0
Pendikspor,Antalyaspor,0,1,19.0,9.0
Alanyaspor,Ankaragucu,1,1,11.0,12.0
Rizespor,Besiktas,0,4,5.0,6.0
Kasimpasa,Basaksehir,0,3,9.0,13.0
Karagumruk,Kayserispor,4,1,18.0,5.0
Hatayspor,Gaziantep,0,0,16.0,15.0
Fenerbahce,Konyaspor,7,1,1.0,17.0
Adana Demirspor,Istanbulspor AS,2,2,7.0,20.0
Sivasspor,Galatasaray,1,1,10.0,2.0
Trabzonspor,Samsunspor,2,1,3.0,17.0
Hatayspor,Pendikspor,1,1,16.0,19.0
Ankaragucu,Kasimpasa,3,1,13.0,9.0
Basaksehir,Alanyaspor,3,2,12.0,13.0
Rizespor,Adana Demirspor,1,0,7.0,5.0
Besiktas,Karagumruk,3,0,4.0,16.0
Istanbulspor AS,Konyaspor,0,0,20.0,18.0
Samsunspor,Sivasspor,2,0,18.0,11.0
Antalyaspor,Trabzonspor,1,1,8.0,3.0
Gaziantep,Fenerbahce,0,1,15.0,1.0
Galatasaray,Kayserispor,2,1,2.0,8.0
Kasimpasa,Hatayspor,3,0,10.0,14.0
Karagumruk,Basaksehir,1,1,17.0,10.0
Alanyaspor,Rizespor,2,1,13.0,5.0
Pendikspor,Besiktas,4,0,19.0,4.0
Adana Demirspor,Ankaragucu,1,1,6.0,13.0
Sivasspor,Gaziantep,2,2,12.0,17.0
Konyaspor,Antalyaspor,1,1,18.0,7.0
Fenerbahce,Samsunspor,1,1,1.0,17.0
Trabzonspor,Galatasaray,1,5,3.0,2.0
Kayserispor,Istanbulspor AS,0,1,8.0,20.0
Hatayspor,Alanyaspor,1,1,17.0,13.0
Pendikspor,Kasimpasa,3,2,19.0,9.0
Besiktas,Adana Demirspor,0,0,4.0,6.0
Gaziantep,Konyaspor,1,1,16.0,19.0
Ankaragucu,Karagumruk,2,0,13.0,18.0
Basaksehir,Fenerbahce,0,1,11.0,1.0
Antalyaspor,Sivasspor,2,1,7.0,12.0
Samsunspor,Kayserispor,2,0,16.0,8.0
Rizespor,Trabzonspor,1,0,6.0,3.0
Galatasaray,Istanbulspor AS,3,1,2.0,20.0
Alanyaspor,Pendikspor,1,1,12.0,17.0
Adana Demirspor,Hatayspor,0,1,7.0,17.0
Konyaspor,Basaksehir,2,3,19.0,11.0
Sivasspor,Besiktas,1,0,13.0,4.0
Karagumruk,Rizespor,4,0,18.0,5.0
Fenerbahce,Ankaragucu,2,1,1.0,12.0
Kayserispor,Antalyaspor,1,1,10.0,6.0
Istanbulspor AS,Samsunspor,1,1,20.0,15.0
Trabzonspor,Kasimpasa,2,3,3.0,10.0
Galatasaray,Gaziantep,2,1,2.0,17.0
Hatayspor,Karagumruk,3,1,15.0,16.0
Ankaragucu,Sivasspor,0,0,12.0,11.0
Samsunspor,Galatasaray,0,2,15.0,2.0
Rizespor,Konyaspor,0,0,5.0,19.0
Basaksehir,Istanbulspor AS,2,0,9.0,20.0
Gaziantep,Kayserispor,1,1,17.0,10.0
Antalyaspor,Fenerbahce,0,2,6.0,2.0
Pendikspor,Adana Demirspor,2,1,18.0,9.0
Kasimpasa,Alanyaspor,2,1,8.0,14.0
Besiktas,Trabzonspor,2,0,4.0,3.0
Adana Demirspor,Kasimpasa,1,3,9.0,6.0
Karagumruk,Pendikspor,2,0,17.0,16.0
Galatasaray,Basaksehir,2,0,2.0,8.0
Sivasspor,Rizespor,1,0,11.0,6.0
Konyaspor,Ankaragucu,1,0,19.0,12.0
Istanbulspor AS,Gaziantep,1,3,20.0,19.0
Fenerbahce,Alanyaspor,2,2,2.0,16.0
Trabzonspor,Hatayspor,2,0,5.0,13.0
Samsunspor,Antalyaspor,2,0,17.0,7.0
Kayserispor,Besiktas,0,0,11.0,4.0
Kasimpasa,Karagumruk,1,1,5.0,16.0
Antalyaspor,Istanbulspor AS,2,2,7.0,20.0
Hatayspor,Sivasspor,1,1,15.0,9.0
Rizespor,Fenerbahce,1,3,6.0,2.0
Alanyaspor,Adana Demirspor,3,3,16.0,11.0
Pendikspor,Trabzonspor,0,2,18.0,3.0
Gaziantep,Samsunspor,1,1,17.0,14.0
Ankaragucu,Galatasaray,0,3,13.0,2.0
Besiktas,Konyaspor,2,0,4.0,19.0
Basaksehir,Kayserispor,2,3,9.0,11.0
Samsunspor,Rizespor,3,0,12.0,6.0
Kayserispor,Ankaragucu,3,2,8.0,13.0
Gaziantep,Basaksehir,0,2,17.0,10.0
Konyaspor,Hatayspor,2,0,19.0,14.0
Fenerbahce,Kasimpasa,2,1,2.0,5.0
Sivasspor,Pendikspor,4,1,10.0,19.0
Trabzonspor,Adana Demirspor,1,0,3.0,12.0
Karagumruk,Alanyaspor,1,1,16.0,15.0
Istanbulspor AS,Besiktas,0,2,20.0,4.0
Galatasaray,Antalyaspor,2,1,2.0,10.0
Kasimpasa,Sivasspor,0,0,5.0,7.0
Ankaragucu,Istanbulspor AS,1,1,15.0,20.0
Rizespor,Kayserispor,3,0,9.0,6.0
Hatayspor,Fenerbahce,0,2,16.0,2.0
Pendikspor,Konyaspor,0,2,19.0,18.0
Basaksehir,Samsunspor,1,0,9.0,11.0
Besiktas,Galatasaray,0,1,4.0,2.0
Adana Demirspor,Karagumruk,1,0,12.0,16.0
Antalyaspor,Gaziantep,1,0,11.0,18.0
Alanyaspor,Trabzonspor,3,1,15.0,3.0
Galatasaray,Rizespor,6,2,1.0,7.0
Sivasspor,Alanyaspor,1,2,9.0,13.0
Konyaspor,Adana Demirspor,2,2,14.0,12.0
Trabzonspor,Karagumruk,5,1,3.0,16.0
Basaksehir,Antalyaspor,1,0,6.0,8.0
Kayserispor,Hatayspor,1,1,10.0,17.0
Samsunspor,Ankaragucu,2,1,13.0,15.0
Istanbulspor AS,Kasimpasa,1,2,20.0,6.0
Fenerbahce,Pendikspor,4,1,2.0,19.0
Gaziantep,Besiktas,2,0,18.0,4.0
Pendikspor,Istanbulspor AS,1,0,19.0,20.0
Karagumruk,Konyaspor,1,1,18.0,14.0
Alanyaspor,Kayserispor,1,0,13.0,7.0
Ankaragucu,Basaksehir,2,1,16.0,6.0
Besiktas,Antalyaspor,1,2,4.0,10.0
Adana Demirspor,Sivasspor,4,1,12.0,11.0
Rizespor,Gaziantep,3,1,11.0,16.0
Kasimpasa,Galatasaray,3,4,5.0,1.0
Hatayspor,Samsunspor,3,0,18.0,13.0
Trabzonspor,Fenerbahce,2,3,3.0,2.0
Istanbulspor AS,Rizespor,0,4,20.0,7.0
Gaziantep,Alanyaspor,0,3,17.0,10.0
Galatasaray,Hatayspor,1,0,1.0,15.0
Antalyaspor,Ankaragucu,1,1,9.0,14.0
Sivasspor,Karagumruk,1,0,12.0,18.0
Konyaspor,Trabzonspor,1,3,16.0,3.0
Kayserispor,Kasimpasa,0,2,12.0,6.0
Fenerbahce,Adana Demirspor,4,2,2.0,11.0
Samsunspor,Pendikspor,0,0,13.0,19.0
Basaksehir,Besiktas,1,1,7.0,4.0
Trabzonspor,Sivasspor,0,1,3.0,10.0
Kasimpasa,Konyaspor,0,2,5.0,16.0
Ankaragucu,Gaziantep,3,1,15.0,17.0
Besiktas,Samsunspor,1,1,4.0,14.0
Adana Demirspor,Kayserispor,0,0,11.0,12.0
Pendikspor,Basaksehir,2,3,19.0,8.0
Rizespor,Antalyaspor,3,0,7.0,9.0
Hatayspor,Istanbulspor AS,0,3,16.0,20.0
Karagumruk,Fenerbahce,1,2,18.0,2.0
Alanyaspor,Galatasaray,0,4,10.0,2.0
Besiktas,Ankaragucu,2,0,4.0,14.0
Istanbulspor AS,Karagumruk,1,2,20.0,18.0
Konyaspor,Alanyaspor,0,2,15.0,10.0
Samsunspor,Adana Demirspor,1,1,13.0,11.0
Kayserispor,Trabzonspor,1,2,12.0,3.0
Basaksehir,Rizespor,2,0,6.0,5.0
Gaziantep,Kasimpasa,2,0,18.0,7.0
Galatasaray,Pendikspor,4,1,1.0,19.0
Antalyaspor,Hatayspor,2,1,10.0,18.0
Sivasspor,Fenerbahce,2,2,10.0,2.0
Adana Demirspor,Galatasaray,0,3,11.0,1.0
Sivasspor,Konyaspor,1,0,10.0,15.0
Kasimpasa,Samsunspor,1,0,8.0,13.0
Hatayspor,Basaksehir,1,2,18.0,5.0
Fenerbahce,Besiktas,2,1,2.0,5.0
Pendikspor,Kayserispor,1,2,19.0,12.0
Alanyaspor,Istanbulspor AS,6,0,10.0,20.0
Trabzonspor,Gaziantep,4,2,3.0,16.0
Rizespor,Ankaragucu,2,2,9.0,14.0
Karagumruk,Antalyaspor,4,1,17.0,10.0
Besiktas,Rizespor,3,2,5.0,7.0
Ankaragucu,Alanyaspor,1,1,14.0,8.0
Istanbulspor AS,Adana Demirspor,0,1,20.0,12.0
Samsunspor,Trabzonspor,3,1,14.0,3.0
Kayserispor,Karagumruk,2,2,12.0,15.0
Basaksehir,Kasimpasa,4,1,5.0,7.0
Gaziantep,Hatayspor,1,1,17.0,18.0
Galatasaray,Sivasspor,6,1,1.0,9.0
Konyaspor,Fenerbahce,0,0,16.0,2.0
Antalyaspor,Pendikspor,1,2,10.0,19.0
Trabzonspor,Istanbulspor AS,3,0,3.0,20.0
Sivasspor,Basaksehir,0,1,9.0,4.0
Pendikspor,Rizespor,2,1,19.0,8.0
Konyaspor,Samsunspor,3,0,16.0,13.0
Kasimpasa,Antalyaspor,3,1,7.0,10.0
Karagumruk,Galatasaray,2,3,16.0,1.0
Hatayspor,Ankaragucu,2,1,19.0,15.0
Fenerbahce,Kayserispor,3,0,2.0,12.0
Alanyaspor,Besiktas,1,1,7.0,5.0
Adana Demirspor,Gaziantep,1,6,11.0,19.0
Istanbulspor AS,Sivasspor,1,3,20.0,9.0
Antalyaspor,Adana Demirspor,2,1,10.0,11.0
Samsunspor,Alanyaspor,1,1,13.0,8.0
Rizespor,Kasimpasa,0,0,9.0,6.0
Kayserispor,Konyaspor,2,2,12.0,14.0
Gaziantep,Karagumruk,3,1,16.0,17.0
Besiktas,Hatayspor,2,2,5.0,18.0
Basaksehir,Trabzonspor,0,1,4.0,3.0
Ankaragucu,Pendikspor,0,0,16.0,19.0
Galatasaray,Fenerbahce,0,1,1.0,2.0
Alanyaspor,Antalyaspor,1,1,7.0,10.0
Karagumruk,Samsunspor,3,1,18.0,13.0
Sivasspor,Kayserispor,2,1,8.0,11.0
Trabzonspor,Ankaragucu,4,2,3.0,17.0
Pendikspor,Gaziantep,0,1,19.0,14.0
Konyaspor,Galatasaray,1,3,15.0,1.0
Kasimpasa,Besiktas,2,1,7.0,5.0
Hatayspor,Rizespor,2,0,18.0,9.0
Fenerbahce,Istanbulspor AS,6,0,2.0,20.0
Adana Demirspor,Basaksehir,2,6,12.0,4.0
