Home team name,Away team name,Home score,Away score,Home ranking,Away ranking
Karagumruk,Basaksehir,2,0,20.0,20.0
Kayserispor,Erzurumspor,1,3,20.0,20.0
Hatayspor,Kasimpasa,1,0,20.0,20.0
Goztepe,Gaziantep,2,2,20.0,20.0
Trabzonspor,Yeni Malatyaspor,3,1,20.0,20.0
Rizespor,Alanyaspor,1,1,20.0,20.0
Sivasspor,Ankaragucu,0,0,20.0,20.0
Konyaspor,Besiktas,4,1,20.0,20.0
Galatasaray,Fenerbahce,0,0,20.0,20.0
Antalyaspor,Denizlispor,1,0,20.0,20.0
Gaziantep,Trabzonspor,1,1,8.0,4.0
Ankaragucu,Kayserispor,0,1,12.0,18.0
Yeni Malatyaspor,Antalyaspor,1,0,19.0,6.0
Erzurumspor,Rizespor,0,0,4.0,11.0
Basaksehir,Goztepe,0,0,19.0,11.0
Fenerbahce,Karagumruk,2,1,15.0,4.0
Denizlispor,Konyaspor,0,0,19.0,4.0
Besiktas,Genclerbirligi,0,1,20.0,20.0
Alanyaspor,Hatayspor,6,0,14.0,6.0
Kasimpasa,Galatasaray,1,0,20.0,16.0
Rizespor,Ankaragucu,5,3,15.0,17.0
Konyaspor,Yeni Malatyaspor,1,1,3.0,12.0
Kayserispor,Sivasspor,1,3,12.0,16.0
Trabzonspor,Basaksehir,0,2,5.0,19.0
Karagumruk,Kasimpasa,1,1,10.0,12.0
Antalyaspor,Gaziantep,1,1,13.0,17.0
Goztepe,Fenerbahce,2,3,17.0,7.0
Genclerbirligi,Denizlispor,1,2,13.0,19.0
Galatasaray,Alanyaspor,1,2,19.0,4.0
Kasimpasa,Goztepe,0,0,9.0,18.0
Gaziantep,Konyaspor,1,0,14.0,3.0
Erzurumspor,Galatasaray,1,2,7.0,19.0
Basaksehir,Antalyaspor,5,1,10.0,12.0
Yeni Malatyaspor,Genclerbirligi,2,1,13.0,16.0
Alanyaspor,Karagumruk,2,0,1.0,10.0
Fenerbahce,Trabzonspor,3,1,3.0,11.0
Sivasspor,Rizespor,0,2,9.0,6.0
Denizlispor,Besiktas,2,3,11.0,21.0
Trabzonspor,Kasimpasa,3,4,14.0,8.0
Karagumruk,Erzurumspor,5,1,11.0,9.0
Genclerbirligi,Gaziantep,1,1,17.0,8.0
Galatasaray,Ankaragucu,1,0,11.0,21.0
Rizespor,Kayserispor,1,0,3.0,18.0
Konyaspor,Basaksehir,1,2,10.0,5.0
Besiktas,Yeni Malatyaspor,1,0,18.0,8.0
Hatayspor,Sivasspor,1,1,20.0,12.0
Antalyaspor,Fenerbahce,1,2,17.0,4.0
Gaziantep,Besiktas,3,1,7.0,10.0
Kasimpasa,Antalyaspor,2,2,6.0,18.0
Erzurumspor,Goztepe,1,1,16.0,19.0
Alanyaspor,Trabzonspor,1,1,3.0,18.0
Fenerbahce,Konyaspor,0,2,1.0,11.0
Yeni Malatyaspor,Denizlispor,2,0,10.0,17.0
Ankaragucu,Karagumruk,2,2,21.0,9.0
Kayserispor,Hatayspor,0,1,20.0,19.0
Basaksehir,Genclerbirligi,2,1,4.0,18.0
Sivasspor,Galatasaray,1,2,13.0,10.0
Karagumruk,Sivasspor,1,1,9.0,13.0
Genclerbirligi,Fenerbahce,1,5,18.0,2.0
Denizlispor,Gaziantep,0,1,18.0,5.0
Besiktas,Basaksehir,3,2,13.0,2.0
Hatayspor,Rizespor,2,2,12.0,5.0
Konyaspor,Kasimpasa,2,1,11.0,9.0
Goztepe,Ankaragucu,3,1,17.0,21.0
Trabzonspor,Erzurumspor,1,0,16.0,15.0
Antalyaspor,Alanyaspor,0,2,17.0,5.0
Galatasaray,Kayserispor,1,1,8.0,20.0
Ankaragucu,Trabzonspor,0,1,21.0,12.0
Gaziantep,Yeni Malatyaspor,2,2,4.0,9.0
Basaksehir,Denizlispor,3,3,4.0,18.0
Rizespor,Galatasaray,0,4,5.0,8.0
Erzurumspor,Antalyaspor,2,2,16.0,18.0
Kasimpasa,Genclerbirligi,2,0,11.0,20.0
Alanyaspor,Konyaspor,1,0,2.0,8.0
Fenerbahce,Besiktas,3,4,2.0,12.0
Sivasspor,Goztepe,0,1,15.0,14.0
Kayserispor,Karagumruk,0,0,19.0,13.0
Besiktas,Kasimpasa,3,0,8.0,6.0
Goztepe,Kayserispor,1,1,13.0,19.0
Genclerbirligi,Alanyaspor,2,1,20.0,1.0
Yeni Malatyaspor,Basaksehir,1,1,11.0,4.0
Konyaspor,Erzurumspor,2,0,10.0,17.0
Galatasaray,Hatayspor,3,0,6.0,14.0
Karagumruk,Rizespor,2,1,13.0,9.0
Antalyaspor,Ankaragucu,1,0,19.0,21.0
Denizlispor,Fenerbahce,0,2,20.0,3.0
Trabzonspor,Sivasspor,1,1,13.0,17.0
Goztepe,Alanyaspor,1,0,13.0,2.0
Hatayspor,Erzurumspor,3,0,15.0,19.0
Kasimpasa,Denizlispor,3,2,12.0,20.0
Hatayspor,Karagumruk,3,1,14.0,10.0
Rizespor,Goztepe,3,2,13.0,9.0
Kayserispor,Trabzonspor,0,0,18.0,14.0
Fenerbahce,Yeni Malatyaspor,0,3,1.0,14.0
Ankaragucu,Konyaspor,4,3,21.0,9.0
Erzurumspor,Genclerbirligi,0,1,19.0,18.0
Basaksehir,Gaziantep,1,2,4.0,9.0
Alanyaspor,Besiktas,2,1,2.0,8.0
Sivasspor,Antalyaspor,0,0,17.0,16.0
Ankaragucu,Hatayspor,2,0,20.0,12.0
Karagumruk,Galatasaray,2,1,13.0,3.0
Goztepe,Hatayspor,0,1,12.0,13.0
Yeni Malatyaspor,Kasimpasa,2,0,8.0,10.0
Trabzonspor,Rizespor,2,1,14.0,9.0
Gaziantep,Fenerbahce,3,1,5.0,2.0
Genclerbirligi,Ankaragucu,1,1,16.0,18.0
Denizlispor,Alanyaspor,1,0,21.0,1.0
Besiktas,Erzurumspor,4,0,11.0,21.0
Konyaspor,Sivasspor,0,1,13.0,18.0
Antalyaspor,Kayserispor,2,0,17.0,20.0
Hatayspor,Trabzonspor,0,1,7.0,9.0
Galatasaray,Goztepe,3,1,7.0,14.0
Erzurumspor,Denizlispor,1,2,21.0,19.0
Alanyaspor,Yeni Malatyaspor,1,1,1.0,6.0
Kasimpasa,Gaziantep,0,4,12.0,3.0
Fenerbahce,Basaksehir,4,1,5.0,10.0
Sivasspor,Genclerbirligi,3,1,16.0,18.0
Kayserispor,Konyaspor,1,2,20.0,13.0
Rizespor,Antalyaspor,2,1,12.0,16.0
Ankaragucu,Besiktas,0,1,19.0,7.0
Goztepe,Karagumruk,1,1,15.0,11.0
Trabzonspor,Galatasaray,0,2,7.0,5.0
Gaziantep,Alanyaspor,3,1,1.0,4.0
Yeni Malatyaspor,Erzurumspor,1,3,6.0,21.0
Denizlispor,Ankaragucu,1,2,17.0,19.0
Basaksehir,Kasimpasa,2,2,12.0,14.0
Konyaspor,Rizespor,1,1,9.0,8.0
Genclerbirligi,Kayserispor,3,2,19.0,21.0
Besiktas,Sivasspor,3,0,5.0,15.0
Antalyaspor,Hatayspor,0,6,17.0,11.0
Sivasspor,Denizlispor,2,2,15.0,19.0
Erzurumspor,Gaziantep,1,1,20.0,1.0
Ankaragucu,Yeni Malatyaspor,3,1,18.0,7.0
Alanyaspor,Basaksehir,3,0,5.0,12.0
Hatayspor,Konyaspor,2,1,6.0,10.0
Galatasaray,Antalyaspor,0,0,4.0,18.0
Rizespor,Genclerbirligi,1,1,8.0,17.0
Karagumruk,Trabzonspor,1,2,11.0,9.0
Kayserispor,Besiktas,0,2,21.0,4.0
Kasimpasa,Fenerbahce,0,3,13.0,6.0
Yeni Malatyaspor,Sivasspor,2,2,9.0,15.0
Gaziantep,Ankaragucu,2,0,1.0,16.0
Konyaspor,Galatasaray,4,3,10.0,5.0
Denizlispor,Kayserispor,0,1,19.0,21.0
Trabzonspor,Goztepe,1,0,7.0,15.0
Genclerbirligi,Hatayspor,3,1,17.0,7.0
Basaksehir,Erzurumspor,1,0,13.0,21.0
Besiktas,Rizespor,6,0,2.0,10.0
Antalyaspor,Karagumruk,3,1,18.0,13.0
Fenerbahce,Alanyaspor,2,1,3.0,5.0
Sivasspor,Gaziantep,2,1,15.0,2.0
Kayserispor,Yeni Malatyaspor,1,0,20.0,9.0
Goztepe,Antalyaspor,0,1,17.0,15.0
Galatasaray,Genclerbirligi,6,0,6.0,14.0
Karagumruk,Konyaspor,2,1,15.0,8.0
Rizespor,Denizlispor,1,1,11.0,20.0
Ankaragucu,Basaksehir,1,2,18.0,13.0
Hatayspor,Besiktas,2,2,7.0,1.0
Erzurumspor,Fenerbahce,0,3,21.0,3.0
Alanyaspor,Kasimpasa,1,2,6.0,16.0
Genclerbirligi,Karagumruk,1,3,16.0,11.0
Konyaspor,Goztepe,2,3,10.0,17.0
Gaziantep,Kayserispor,2,1,3.0,20.0
Basaksehir,Sivasspor,1,1,9.0,14.0
Antalyaspor,Trabzonspor,1,1,14.0,5.0
Denizlispor,Hatayspor,0,2,19.0,7.0
Yeni Malatyaspor,Rizespor,4,1,13.0,11.0
Besiktas,Galatasaray,2,0,2.0,4.0
Kasimpasa,Erzurumspor,1,2,15.0,21.0
Fenerbahce,Ankaragucu,3,1,3.0,18.0
Kayserispor,Basaksehir,2,0,20.0,10.0
Goztepe,Genclerbirligi,4,0,16.0,17.0
Trabzonspor,Konyaspor,3,1,6.0,12.0
Rizespor,Gaziantep,3,0,13.0,3.0
Hatayspor,Yeni Malatyaspor,1,2,6.0,9.0
Galatasaray,Denizlispor,6,1,5.0,20.0
Karagumruk,Besiktas,1,4,10.0,1.0
Erzurumspor,Alanyaspor,1,1,21.0,8.0
Sivasspor,Fenerbahce,1,1,15.0,2.0
Ankaragucu,Kasimpasa,1,0,19.0,16.0
Genclerbirligi,Trabzonspor,1,2,18.0,5.0
Basaksehir,Rizespor,1,1,11.0,9.0
Konyaspor,Antalyaspor,0,0,13.0,15.0
Yeni Malatyaspor,Galatasaray,0,1,7.0,5.0
Denizlispor,Karagumruk,1,2,21.0,11.0
Gaziantep,Hatayspor,1,1,4.0,6.0
Besiktas,Goztepe,2,1,1.0,14.0
Kasimpasa,Sivasspor,2,0,16.0,15.0
Fenerbahce,Kayserispor,3,0,2.0,19.0
Alanyaspor,Ankaragucu,4,3,9.0,17.0
Yeni Malatyaspor,Karagumruk,0,0,8.0,9.0
Gaziantep,Galatasaray,1,2,3.0,4.0
Kasimpasa,Kayserispor,0,1,13.0,19.0
Basaksehir,Hatayspor,1,5,11.0,7.0
Fenerbahce,Rizespor,1,0,2.0,10.0
Erzurumspor,Ankaragucu,1,0,20.0,18.0
Genclerbirligi,Antalyaspor,0,1,19.0,13.0
Denizlispor,Goztepe,2,1,21.0,15.0
Alanyaspor,Sivasspor,3,1,7.0,16.0
Besiktas,Trabzonspor,1,2,2.0,5.0
Hatayspor,Fenerbahce,1,2,7.0,1.0
Rizespor,Kasimpasa,1,1,10.0,14.0
Galatasaray,Basaksehir,3,0,3.0,12.0
Sivasspor,Erzurumspor,0,0,16.0,20.0
Kayserispor,Alanyaspor,1,1,17.0,6.0
Karagumruk,Gaziantep,2,0,9.0,5.0
Konyaspor,Genclerbirligi,0,0,14.0,20.0
Antalyaspor,Besiktas,1,1,11.0,2.0
Goztepe,Yeni Malatyaspor,2,2,16.0,9.0
Trabzonspor,Denizlispor,1,0,4.0,21.0
Kasimpasa,Hatayspor,1,4,14.0,7.0
Basaksehir,Karagumruk,0,1,12.0,8.0
Alanyaspor,Rizespor,2,1,8.0,10.0
Fenerbahce,Galatasaray,0,1,1.0,3.0
Erzurumspor,Kayserispor,1,1,20.0,17.0
Denizlispor,Antalyaspor,1,1,21.0,11.0
Ankaragucu,Sivasspor,1,4,20.0,16.0
Besiktas,Konyaspor,1,0,3.0,14.0
Gaziantep,Goztepe,2,0,6.0,16.0
Yeni Malatyaspor,Trabzonspor,0,2,9.0,4.0
Rizespor,Erzurumspor,0,2,11.0,18.0
Kayserispor,Ankaragucu,0,0,18.0,20.0
Trabzonspor,Gaziantep,1,0,4.0,5.0
Karagumruk,Fenerbahce,1,2,8.0,2.0
Konyaspor,Denizlispor,2,0,14.0,21.0
Hatayspor,Alanyaspor,0,0,7.0,6.0
Goztepe,Basaksehir,2,1,16.0,14.0
Galatasaray,Kasimpasa,2,1,4.0,16.0
Genclerbirligi,Besiktas,0,3,20.0,3.0
Antalyaspor,Yeni Malatyaspor,1,1,10.0,9.0
Basaksehir,Trabzonspor,0,1,15.0,4.0
Kasimpasa,Karagumruk,3,2,16.0,8.0
Yeni Malatyaspor,Konyaspor,2,3,9.0,11.0
Denizlispor,Genclerbirligi,1,0,21.0,20.0
Alanyaspor,Galatasaray,0,1,6.0,4.0
Erzurumspor,Hatayspor,1,3,18.0,7.0
Sivasspor,Kayserispor,2,0,15.0,17.0
Gaziantep,Antalyaspor,0,0,6.0,12.0
Fenerbahce,Goztepe,0,1,3.0,15.0
Ankaragucu,Rizespor,1,1,20.0,14.0
Konyaspor,Gaziantep,0,0,9.0,6.0
Genclerbirligi,Yeni Malatyaspor,1,1,21.0,10.0
Besiktas,Denizlispor,3,0,2.0,20.0
Karagumruk,Alanyaspor,2,0,8.0,7.0
Hatayspor,Ankaragucu,4,1,6.0,19.0
Rizespor,Sivasspor,0,0,14.0,13.0
Antalyaspor,Basaksehir,0,0,12.0,16.0
Galatasaray,Erzurumspor,2,0,2.0,18.0
Goztepe,Kasimpasa,1,0,13.0,15.0
Trabzonspor,Fenerbahce,0,1,4.0,3.0
Gaziantep,Genclerbirligi,2,1,6.0,21.0
Yeni Malatyaspor,Besiktas,0,1,11.0,2.0
Erzurumspor,Karagumruk,2,2,18.0,8.0
Sivasspor,Hatayspor,1,1,13.0,6.0
Basaksehir,Konyaspor,1,1,16.0,10.0
Kayserispor,Rizespor,2,1,18.0,14.0
Ankaragucu,Galatasaray,2,1,19.0,2.0
Kasimpasa,Trabzonspor,1,2,16.0,4.0
Alanyaspor,Goztepe,1,1,8.0,10.0
Fenerbahce,Antalyaspor,1,1,3.0,13.0
Denizlispor,Yeni Malatyaspor,3,2,20.0,12.0
Besiktas,Gaziantep,2,1,1.0,6.0
Karagumruk,Ankaragucu,0,1,8.0,18.0
Hatayspor,Kayserispor,1,3,5.0,18.0
Genclerbirligi,Basaksehir,0,1,21.0,16.0
Galatasaray,Sivasspor,2,2,2.0,12.0
Trabzonspor,Alanyaspor,1,3,4.0,7.0
Antalyaspor,Kasimpasa,1,1,12.0,18.0
Konyaspor,Fenerbahce,0,3,11.0,3.0
Goztepe,Erzurumspor,3,1,9.0,19.0
Basaksehir,Besiktas,2,3,14.0,1.0
Sivasspor,Karagumruk,1,0,11.0,8.0
Rizespor,Hatayspor,1,0,16.0,5.0
Alanyaspor,Antalyaspor,4,0,7.0,11.0
Kayserispor,Galatasaray,0,3,16.0,3.0
Ankaragucu,Goztepe,3,0,18.0,9.0
Gaziantep,Denizlispor,2,0,7.0,19.0
Erzurumspor,Trabzonspor,0,0,19.0,4.0
Fenerbahce,Genclerbirligi,1,2,3.0,21.0
Kasimpasa,Konyaspor,1,1,18.0,12.0
Karagumruk,Kayserispor,3,0,8.0,17.0
Galatasaray,Rizespor,3,4,2.0,13.0
Genclerbirligi,Kasimpasa,2,1,21.0,17.0
Yeni Malatyaspor,Gaziantep,2,2,14.0,5.0
Goztepe,Sivasspor,3,5,9.0,10.0
Trabzonspor,Ankaragucu,4,1,4.0,15.0
Konyaspor,Alanyaspor,1,0,12.0,6.0
Antalyaspor,Erzurumspor,3,1,13.0,20.0
Denizlispor,Basaksehir,0,0,21.0,15.0
Besiktas,Fenerbahce,1,1,1.0,3.0
Kayserispor,Goztepe,1,1,17.0,11.0
Sivasspor,Trabzonspor,0,0,9.0,4.0
Rizespor,Karagumruk,0,0,13.0,8.0
Hatayspor,Galatasaray,3,0,7.0,2.0
Erzurumspor,Konyaspor,1,2,21.0,11.0
Basaksehir,Yeni Malatyaspor,3,1,15.0,14.0
Ankaragucu,Antalyaspor,1,0,16.0,13.0
Alanyaspor,Genclerbirligi,1,2,7.0,19.0
Kasimpasa,Besiktas,1,0,19.0,1.0
Fenerbahce,Denizlispor,1,0,3.0,20.0
Karagumruk,Hatayspor,1,0,8.0,6.0
Goztepe,Rizespor,2,0,11.0,12.0
Trabzonspor,Kayserispor,1,1,4.0,18.0
Konyaspor,Ankaragucu,1,1,11.0,15.0
Genclerbirligi,Erzurumspor,1,1,19.0,21.0
Besiktas,Alanyaspor,3,0,1.0,8.0
Antalyaspor,Sivasspor,2,4,13.0,11.0
Gaziantep,Basaksehir,2,0,5.0,14.0
Denizlispor,Kasimpasa,1,1,21.0,17.0
Yeni Malatyaspor,Fenerbahce,1,1,17.0,2.0
Hatayspor,Goztepe,2,3,6.0,11.0
Rizespor,Trabzonspor,0,0,12.0,3.0
Galatasaray,Karagumruk,1,1,4.0,7.0
Sivasspor,Konyaspor,3,1,10.0,11.0
Kayserispor,Antalyaspor,0,1,18.0,13.0
Ankaragucu,Genclerbirligi,2,1,15.0,19.0
Erzurumspor,Besiktas,2,4,21.0,1.0
Kasimpasa,Yeni Malatyaspor,0,0,17.0,16.0
Fenerbahce,Gaziantep,3,1,2.0,5.0
Alanyaspor,Denizlispor,3,2,9.0,20.0
Konyaspor,Kayserispor,0,0,11.0,18.0
Genclerbirligi,Sivasspor,2,3,19.0,9.0
Besiktas,Ankaragucu,2,2,1.0,14.0
Antalyaspor,Rizespor,2,3,12.0,14.0
Denizlispor,Erzurumspor,2,3,20.0,21.0
Yeni Malatyaspor,Alanyaspor,1,0,15.0,7.0
Trabzonspor,Hatayspor,1,1,3.0,8.0
Goztepe,Galatasaray,1,3,10.0,4.0
Gaziantep,Kasimpasa,2,2,5.0,17.0
Basaksehir,Fenerbahce,1,2,17.0,2.0
Rizespor,Konyaspor,5,3,12.0,11.0
Kayserispor,Genclerbirligi,2,2,18.0,19.0
Karagumruk,Goztepe,1,1,9.0,10.0
Sivasspor,Besiktas,0,0,6.0,1.0
Hatayspor,Antalyaspor,3,2,7.0,13.0
Erzurumspor,Yeni Malatyaspor,1,0,20.0,15.0
Ankaragucu,Denizlispor,1,1,14.0,21.0
Galatasaray,Trabzonspor,1,1,3.0,4.0
Alanyaspor,Gaziantep,3,2,8.0,5.0
Kasimpasa,Basaksehir,0,1,16.0,17.0
Genclerbirligi,Rizespor,2,1,20.0,11.0
Konyaspor,Hatayspor,0,0,12.0,6.0
Trabzonspor,Karagumruk,2,0,4.0,9.0
Denizlispor,Sivasspor,1,1,21.0,8.0
Besiktas,Kayserispor,3,1,1.0,19.0
Antalyaspor,Galatasaray,0,1,14.0,4.0
Yeni Malatyaspor,Ankaragucu,2,1,15.0,13.0
Gaziantep,Erzurumspor,2,3,6.0,20.0
Basaksehir,Alanyaspor,0,0,16.0,7.0
Fenerbahce,Kasimpasa,3,2,2.0,17.0
Hatayspor,Genclerbirligi,3,1,5.0,19.0
Kayserispor,Denizlispor,6,3,20.0,21.0
Karagumruk,Antalyaspor,2,2,9.0,15.0
Goztepe,Trabzonspor,1,1,10.0,4.0
Rizespor,Besiktas,2,3,11.0,1.0
Galatasaray,Konyaspor,1,0,3.0,12.0
Sivasspor,Yeni Malatyaspor,1,0,8.0,13.0
Erzurumspor,Basaksehir,1,2,19.0,16.0
Ankaragucu,Gaziantep,0,1,16.0,8.0
Alanyaspor,Fenerbahce,0,0,8.0,2.0
Besiktas,Hatayspor,7,0,1.0,5.0
Konyaspor,Karagumruk,5,1,12.0,9.0
Denizlispor,Rizespor,0,1,21.0,12.0
Antalyaspor,Goztepe,2,3,15.0,12.0
Genclerbirligi,Galatasaray,0,2,20.0,3.0
Yeni Malatyaspor,Kayserispor,1,1,14.0,17.0
Kasimpasa,Alanyaspor,3,0,18.0,8.0
Basaksehir,Ankaragucu,2,1,14.0,16.0
Gaziantep,Sivasspor,0,1,5.0,7.0
Fenerbahce,Erzurumspor,3,1,3.0,19.0
Trabzonspor,Antalyaspor,2,1,4.0,15.0
Sivasspor,Basaksehir,0,0,5.0,13.0
Rizespor,Yeni Malatyaspor,0,4,11.0,14.0
Kayserispor,Gaziantep,0,0,18.0,6.0
Karagumruk,Genclerbirligi,5,1,9.0,20.0
Hatayspor,Denizlispor,1,0,7.0,21.0
Goztepe,Konyaspor,0,1,10.0,12.0
Galatasaray,Besiktas,3,1,3.0,1.0
Erzurumspor,Kasimpasa,0,1,19.0,17.0
Ankaragucu,Fenerbahce,1,2,17.0,3.0
Konyaspor,Trabzonspor,1,1,10.0,4.0
Yeni Malatyaspor,Hatayspor,1,1,14.0,6.0
Kasimpasa,Ankaragucu,3,1,15.0,17.0
Genclerbirligi,Goztepe,5,3,20.0,11.0
Gaziantep,Rizespor,4,5,7.0,12.0
Fenerbahce,Sivasspor,1,2,2.0,6.0
Denizlispor,Galatasaray,1,4,21.0,3.0
Besiktas,Karagumruk,1,2,1.0,9.0
Basaksehir,Kayserispor,0,0,14.0,18.0
Alanyaspor,Erzurumspor,2,3,9.0,20.0
Sivasspor,Kasimpasa,2,1,5.0,15.0
Rizespor,Basaksehir,0,2,11.0,13.0
Karagumruk,Denizlispor,5,1,8.0,21.0
Hatayspor,Gaziantep,0,1,6.0,8.0
Antalyaspor,Konyaspor,0,0,16.0,10.0
Ankaragucu,Alanyaspor,0,1,18.0,9.0
Trabzonspor,Genclerbirligi,2,1,4.0,20.0
Kayserispor,Fenerbahce,1,2,17.0,3.0
Goztepe,Besiktas,1,2,13.0,2.0
Galatasaray,Yeni Malatyaspor,3,1,3.0,14.0
