Home team name,Away team name,Home score,Away score,Home xG,Away xG,Home odds,Draw odds,Away odds,Home ranking,Away ranking
Denizlispor,Galatasaray,2,0,15,7,4.2,3.6,1.83,20.0,20.0
Genclerbirligi,Rizespor,0,1,8,11,2.05,3.3,3.6,20.0,20.0
Sivasspor,Besiktas,3,0,13,13,2.55,3.5,2.62,20.0,20.0
Kayserispor,Alanyaspor,0,1,6,14,4.0,3.0,2.05,20.0,20.0
Konyaspor,Ankaragucu,0,0,23,9,1.75,3.5,5.0,20.0,20.0
Yeni Malatyaspor,Basaksehir,3,0,9,15,4.5,3.4,1.85,20.0,20.0
Kasimpasa,Trabzonspor,1,1,15,17,3.6,3.5,2.0,20.0,20.0
Goztepe,Antalyaspor,0,1,7,10,1.61,3.8,5.5,20.0,20.0
Fenerbahce,Gaziantep,5,0,19,4,1.53,4.0,6.0,20.0,20.0
Besiktas,Goztepe,3,0,8,12,1.7,3.5,5.0,16.0,14.0
Ankaragucu,Kayserispor,1,1,15,15,3.0,3.2,2.37,10.0,14.0
Basaksehir,Fenerbahce,1,2,12,13,2.6,3.2,2.7,16.0,1.0
Alanyaspor,Kasimpasa,4,1,18,6,1.5,4.75,5.25,6.0,11.0
Trabzonspor,Yeni Malatyaspor,2,1,16,13,1.4,4.33,8.5,11.0,4.0
Rizespor,Sivasspor,2,1,11,15,2.1,3.5,3.25,7.0,4.0
Galatasaray,Konyaspor,1,1,18,16,1.4,4.75,7.0,15.0,11.0
Antalyaspor,Denizlispor,0,2,19,8,3.1,3.2,2.3,8.0,5.0
Gaziantep,Genclerbirligi,4,1,15,12,2.87,3.3,2.5,18.0,15.0
Kayserispor,Galatasaray,2,3,8,20,4.75,4.0,1.65,13.0,14.0
Kasimpasa,Ankaragucu,0,1,27,4,1.83,3.6,4.2,15.0,13.0
Konyaspor,Antalyaspor,2,2,17,15,2.15,3.1,3.6,13.0,11.0
Goztepe,Denizlispor,0,0,17,5,2.45,3.25,2.87,18.0,2.0
Besiktas,Rizespor,1,1,20,6,1.61,4.0,5.0,11.0,4.0
Sivasspor,Gaziantep,1,1,22,11,1.75,3.8,4.0,10.0,13.0
Genclerbirligi,Basaksehir,1,2,8,22,3.1,3.5,2.2,17.0,18.0
Yeni Malatyaspor,Alanyaspor,2,3,14,8,3.75,3.4,2.05,12.0,4.0
Fenerbahce,Trabzonspor,1,1,21,10,1.6,4.2,5.0,4.0,7.0
Galatasaray,Kasimpasa,1,0,15,9,1.25,6.0,11.0,9.0,16.0
Basaksehir,Sivasspor,1,1,13,9,1.57,3.75,6.0,14.0,8.0
Gaziantep,Besiktas,3,2,14,12,3.1,3.6,2.15,11.0,9.0
Antalyaspor,Kayserispor,2,2,18,5,1.9,3.5,3.8,11.0,15.0
Rizespor,Goztepe,0,0,9,3,2.2,3.3,3.25,4.0,16.0
Ankaragucu,Yeni Malatyaspor,0,4,11,18,2.62,3.2,2.62,8.0,13.0
Trabzonspor,Genclerbirligi,2,2,17,15,1.6,4.0,5.0,9.0,18.0
Denizlispor,Konyaspor,0,1,8,10,2.15,3.3,3.4,4.0,14.0
Alanyaspor,Fenerbahce,3,1,12,11,2.4,3.4,2.87,1.0,3.0
Goztepe,Konyaspor,1,0,16,9,2.2,3.1,3.5,16.0,8.0
Kasimpasa,Antalyaspor,3,0,15,10,2.25,3.5,3.0,18.0,11.0
Kayserispor,Denizlispor,1,1,14,25,2.35,3.4,2.9,17.0,4.0
Fenerbahce,Ankaragucu,2,1,30,6,1.16,7.5,13.0,4.0,11.0
Rizespor,Gaziantep,1,2,15,5,1.9,3.4,4.0,4.0,6.0
Genclerbirligi,Alanyaspor,1,1,12,14,2.6,3.5,2.55,18.0,1.0
Yeni Malatyaspor,Galatasaray,1,1,16,12,3.25,3.6,2.1,7.0,6.0
Sivasspor,Trabzonspor,2,1,16,15,2.05,3.6,3.3,10.0,8.0
Besiktas,Basaksehir,1,1,8,11,2.45,3.5,2.7,14.0,16.0
Basaksehir,Rizespor,5,0,16,13,1.6,3.75,6.0,12.0,6.0
Denizlispor,Kasimpasa,0,1,16,16,1.8,3.8,4.0,4.0,16.0
Alanyaspor,Sivasspor,1,1,29,8,1.72,4.0,4.33,1.0,4.0
Galatasaray,Fenerbahce,0,0,5,12,2.0,3.6,3.5,7.0,2.0
Konyaspor,Kayserispor,2,1,24,7,1.85,3.3,4.33,11.0,17.0
Antalyaspor,Yeni Malatyaspor,3,0,11,11,2.0,3.5,3.6,16.0,10.0
Ankaragucu,Genclerbirligi,2,1,12,16,5.25,3.6,1.66,16.0,18.0
Trabzonspor,Besiktas,4,1,13,12,2.1,3.8,3.1,14.0,15.0
Gaziantep,Goztepe,1,1,15,4,2.4,3.25,2.9,3.0,15.0
Yeni Malatyaspor,Denizlispor,5,1,15,9,1.85,3.75,3.8,13.0,8.0
Fenerbahce,Antalyaspor,0,1,25,7,1.4,5.0,6.5,2.0,10.0
Kasimpasa,Konyaspor,1,4,17,14,2.05,3.5,3.5,14.0,8.0
Goztepe,Kayserispor,4,0,16,8,1.53,4.0,6.0,15.0,17.0
Genclerbirligi,Galatasaray,0,0,20,11,3.2,3.6,2.1,18.0,10.0
Sivasspor,Ankaragucu,3,1,11,14,1.4,4.5,8.5,8.0,13.0
Besiktas,Alanyaspor,2,0,7,14,2.05,3.6,3.3,16.0,1.0
Rizespor,Trabzonspor,1,2,16,13,2.62,3.5,2.55,14.0,9.0
Gaziantep,Basaksehir,1,2,5,21,3.75,3.3,2.0,7.0,11.0
Galatasaray,Sivasspor,3,2,19,16,1.61,4.0,5.0,10.0,2.0
Antalyaspor,Genclerbirligi,0,6,11,11,2.3,3.5,2.87,8.0,17.0
Trabzonspor,Gaziantep,4,1,12,14,1.53,4.2,5.25,5.0,8.0
Basaksehir,Goztepe,2,1,14,11,1.66,3.75,5.0,7.0,11.0
Ankaragucu,Besiktas,0,0,4,14,5.0,4.0,1.61,15.0,13.0
Kayserispor,Kasimpasa,1,1,23,9,3.4,3.4,2.0,18.0,16.0
Alanyaspor,Rizespor,5,2,21,5,1.6,4.0,5.75,2.0,16.0
Denizlispor,Fenerbahce,1,2,3,8,4.0,3.75,1.85,14.0,7.0
Konyaspor,Yeni Malatyaspor,0,2,6,12,2.1,3.3,3.5,7.0,10.0
Rizespor,Ankaragucu,2,0,22,15,1.55,4.2,5.5,16.0,13.0
Sivasspor,Antalyaspor,2,1,9,8,1.6,4.0,5.5,7.0,11.0
Gaziantep,Alanyaspor,1,1,9,7,3.6,3.5,2.0,9.0,1.0
Fenerbahce,Konyaspor,5,1,19,5,1.44,4.33,7.5,4.0,8.0
Yeni Malatyaspor,Kayserispor,4,0,18,5,1.45,4.2,7.0,6.0,18.0
Goztepe,Kasimpasa,1,4,12,16,1.72,3.75,4.75,12.0,16.0
Genclerbirligi,Denizlispor,0,2,16,10,1.66,3.75,5.25,17.0,16.0
Besiktas,Galatasaray,1,0,13,14,3.1,3.5,2.2,14.0,7.0
Basaksehir,Trabzonspor,2,2,21,9,1.7,4.0,4.5,6.0,4.0
Galatasaray,Rizespor,2,0,12,10,1.5,4.2,5.75,7.0,13.0
Konyaspor,Genclerbirligi,1,1,10,15,2.45,3.2,2.9,9.0,17.0
Trabzonspor,Goztepe,0,1,21,6,1.95,3.4,4.0,4.0,15.0
Alanyaspor,Basaksehir,0,0,22,4,2.3,3.4,3.0,1.0,7.0
Antalyaspor,Besiktas,1,2,14,12,3.2,3.3,2.2,14.0,9.0
Denizlispor,Sivasspor,0,2,10,16,2.45,3.4,2.75,12.0,7.0
Kasimpasa,Yeni Malatyaspor,2,2,19,13,2.2,3.5,3.1,12.0,4.0
Kayserispor,Fenerbahce,1,0,11,23,6.0,4.33,1.5,18.0,4.0
Ankaragucu,Gaziantep,1,2,13,9,3.0,3.4,2.3,16.0,12.0
Fenerbahce,Kasimpasa,3,2,19,8,1.33,5.25,8.0,4.0,11.0
Genclerbirligi,Kayserispor,2,1,15,7,1.5,4.5,5.75,17.0,18.0
Sivasspor,Konyaspor,2,0,17,2,1.85,3.6,4.2,3.0,10.0
Rizespor,Antalyaspor,1,0,5,33,2.15,3.5,3.3,14.0,15.0
Gaziantep,Galatasaray,0,2,7,12,3.0,3.4,2.3,9.0,7.0
Goztepe,Yeni Malatyaspor,1,1,7,7,2.2,3.4,3.2,13.0,5.0
Trabzonspor,Alanyaspor,1,0,7,13,2.7,3.6,2.4,6.0,3.0
Besiktas,Denizlispor,1,0,14,11,1.45,4.5,6.5,8.0,14.0
Basaksehir,Ankaragucu,2,1,16,19,1.28,5.25,10.0,8.0,17.0
Galatasaray,Basaksehir,0,1,13,9,2.5,3.25,2.8,6.0,5.0
Denizlispor,Rizespor,2,0,12,6,1.85,3.6,4.0,14.0,10.0
Ankaragucu,Trabzonspor,0,3,12,21,3.4,3.5,2.05,17.0,5.0
Konyaspor,Besiktas,0,1,7,9,3.75,3.4,2.0,13.0,8.0
Kayserispor,Sivasspor,1,4,9,19,4.2,3.4,1.9,18.0,3.0
Kasimpasa,Genclerbirligi,1,2,10,18,2.15,3.5,3.2,14.0,16.0
Alanyaspor,Goztepe,0,1,14,6,1.57,3.8,6.5,6.0,13.0
Yeni Malatyaspor,Fenerbahce,0,0,13,17,2.8,3.4,2.4,8.0,5.0
Antalyaspor,Gaziantep,1,1,24,10,1.9,3.6,3.8,16.0,10.0
Genclerbirligi,Yeni Malatyaspor,3,3,16,11,2.15,3.5,3.2,13.0,6.0
Sivasspor,Kasimpasa,2,0,16,16,1.5,4.33,6.0,1.0,15.0
Rizespor,Konyaspor,3,1,9,13,2.37,3.2,3.0,13.0,14.0
Alanyaspor,Ankaragucu,5,0,19,7,1.33,5.25,8.0,7.0,17.0
Goztepe,Fenerbahce,2,2,11,12,3.4,3.4,2.1,10.0,5.0
Gaziantep,Denizlispor,1,2,18,5,2.0,3.4,3.75,11.0,13.0
Basaksehir,Antalyaspor,2,0,12,14,1.5,4.33,6.0,5.0,16.0
Trabzonspor,Galatasaray,1,1,12,10,2.15,3.4,3.25,4.0,8.0
Besiktas,Kayserispor,4,1,24,7,1.2,6.5,13.0,6.0,18.0
Fenerbahce,Genclerbirligi,5,2,24,14,1.53,4.33,5.75,6.0,13.0
Yeni Malatyaspor,Sivasspor,1,3,14,13,2.3,3.6,2.75,7.0,1.0
Ankaragucu,Goztepe,1,3,11,15,3.6,3.3,2.05,17.0,10.0
Galatasaray,Alanyaspor,1,0,7,21,2.05,3.5,3.6,8.0,6.0
Konyaspor,Gaziantep,0,0,16,13,2.15,3.25,3.4,14.0,12.0
Denizlispor,Basaksehir,1,1,8,18,4.33,3.4,1.85,10.0,3.0
Antalyaspor,Trabzonspor,1,3,24,11,2.6,3.4,2.6,16.0,5.0
Kasimpasa,Besiktas,2,3,11,19,4.0,4.5,1.7,15.0,5.0
Kayserispor,Rizespor,1,0,16,20,3.0,3.4,2.3,18.0,12.0
Alanyaspor,Antalyaspor,0,0,15,8,1.65,4.0,5.0,7.0,16.0
Rizespor,Kasimpasa,0,3,16,9,2.15,3.6,3.25,12.0,16.0
Genclerbirligi,Goztepe,3,1,8,11,2.1,3.5,3.3,14.0,9.0
Galatasaray,Ankaragucu,2,2,14,7,1.22,6.0,11.0,7.0,18.0
Gaziantep,Kayserispor,3,0,14,5,1.57,4.2,5.25,12.0,17.0
Sivasspor,Fenerbahce,3,1,13,9,2.62,3.4,2.55,1.0,5.0
Besiktas,Yeni Malatyaspor,0,2,12,4,1.5,4.6,5.5,2.0,8.0
Trabzonspor,Denizlispor,1,2,15,10,1.4,5.0,6.5,3.0,11.0
Basaksehir,Konyaspor,1,1,19,6,1.57,3.8,6.0,4.0,15.0
Antalyaspor,Ankaragucu,2,2,14,6,1.57,4.2,5.25,16.0,18.0
Yeni Malatyaspor,Rizespor,0,2,11,7,1.65,4.0,4.75,7.0,13.0
Kasimpasa,Gaziantep,3,4,7,6,2.0,3.6,3.5,14.0,11.0
Goztepe,Galatasaray,2,1,14,12,2.62,3.3,2.62,11.0,6.0
Genclerbirligi,Sivasspor,2,2,11,9,2.9,3.75,2.2,13.0,1.0
Kayserispor,Basaksehir,1,4,16,22,10.0,5.25,1.28,18.0,2.0
Fenerbahce,Besiktas,3,1,17,7,2.1,3.6,3.25,5.0,3.0
Konyaspor,Trabzonspor,0,1,8,5,3.5,3.4,2.05,15.0,5.0
Denizlispor,Alanyaspor,1,5,7,14,4.0,3.4,1.9,11.0,7.0
Besiktas,Genclerbirligi,4,1,17,4,1.44,4.33,7.0,5.0,13.0
Ankaragucu,Denizlispor,2,2,16,7,2.3,3.3,3.1,17.0,11.0
Trabzonspor,Kayserispor,6,2,21,6,1.1,9.0,23.0,4.0,18.0
Basaksehir,Kasimpasa,5,1,14,18,1.44,4.5,5.75,3.0,14.0
Galatasaray,Antalyaspor,5,0,11,7,1.5,4.5,5.75,7.0,16.0
Sivasspor,Goztepe,1,0,10,2,1.5,4.0,6.5,1.0,9.0
Gaziantep,Yeni Malatyaspor,1,1,6,7,2.75,3.6,2.37,10.0,8.0
Alanyaspor,Konyaspor,2,1,16,4,1.44,4.1,8.0,7.0,14.0
Rizespor,Fenerbahce,1,2,5,12,4.75,4.0,1.66,12.0,6.0
Ankaragucu,Konyaspor,0,1,14,11,3.2,3.1,2.3,17.0,15.0
Alanyaspor,Kayserispor,5,1,16,9,1.14,8.0,13.0,6.0,18.0
Basaksehir,Yeni Malatyaspor,4,1,11,9,1.53,4.33,5.5,2.0,8.0
Gaziantep,Fenerbahce,0,2,10,10,5.0,4.33,1.6,9.0,5.0
Antalyaspor,Goztepe,0,3,8,6,2.75,3.1,2.62,16.0,10.0
Trabzonspor,Kasimpasa,6,0,12,3,1.5,5.0,5.25,5.0,15.0
Galatasaray,Denizlispor,2,1,14,4,1.3,5.25,10.0,7.0,11.0
Besiktas,Sivasspor,1,2,12,9,1.75,4.0,4.0,7.0,1.0
Rizespor,Genclerbirligi,2,0,8,7,2.15,3.5,3.2,12.0,13.0
Genclerbirligi,Gaziantep,1,0,13,7,1.85,3.6,4.0,13.0,10.0
Kayserispor,Ankaragucu,1,1,12,8,2.4,3.6,2.7,18.0,17.0
Kasimpasa,Alanyaspor,1,2,4,12,3.75,3.9,1.85,15.0,5.0
Fenerbahce,Basaksehir,2,0,24,3,2.0,3.6,3.5,5.0,2.0
Denizlispor,Antalyaspor,0,3,9,8,2.4,3.4,2.8,12.0,16.0
Goztepe,Besiktas,2,1,10,5,2.25,3.5,3.0,8.0,7.0
Konyaspor,Galatasaray,0,3,6,6,3.4,3.4,2.1,14.0,6.0
Sivasspor,Rizespor,1,1,17,5,1.61,3.8,5.5,1.0,11.0
Basaksehir,Genclerbirligi,3,1,9,14,1.44,4.33,7.0,3.0,13.0
Antalyaspor,Konyaspor,0,0,6,15,2.05,3.2,3.8,15.0,14.0
Rizespor,Besiktas,1,2,14,7,3.1,3.6,2.15,11.0,7.0
Trabzonspor,Fenerbahce,2,1,16,23,2.75,3.75,2.3,4.0,3.0
Ankaragucu,Kasimpasa,1,1,11,19,2.3,3.75,2.75,17.0,16.0
Gaziantep,Sivasspor,5,1,11,21,3.5,3.6,2.0,10.0,1.0
Alanyaspor,Yeni Malatyaspor,2,1,14,12,1.4,4.75,7.5,5.0,10.0
Galatasaray,Kayserispor,4,1,11,10,1.2,6.5,13.0,6.0,18.0
Denizlispor,Goztepe,1,1,19,8,3.2,3.4,2.2,12.0,8.0
Yeni Malatyaspor,Ankaragucu,0,1,12,15,1.61,4.0,5.25,10.0,17.0
Konyaspor,Denizlispor,0,0,20,10,2.05,3.1,4.0,14.0,12.0
Genclerbirligi,Trabzonspor,0,2,13,15,3.3,3.6,2.05,13.0,3.0
Besiktas,Gaziantep,3,0,17,11,1.4,5.0,6.5,7.0,9.0
Fenerbahce,Alanyaspor,1,1,15,5,1.8,3.6,4.33,5.0,4.0
Kayserispor,Antalyaspor,2,2,15,11,2.3,3.5,2.9,18.0,15.0
Sivasspor,Basaksehir,1,1,14,8,2.5,3.5,2.62,2.0,4.0
Kasimpasa,Galatasaray,0,3,11,19,3.75,3.9,1.85,17.0,6.0
Basaksehir,Besiktas,1,0,6,19,2.05,3.6,3.3,3.0,7.0
Denizlispor,Kayserispor,0,1,9,17,1.72,3.75,4.5,11.0,18.0
Konyaspor,Goztepe,1,3,14,12,2.5,2.9,3.1,14.0,8.0
Ankaragucu,Fenerbahce,2,1,9,16,8.5,4.75,1.36,16.0,6.0
Alanyaspor,Genclerbirligi,0,1,23,14,1.55,4.0,5.5,4.0,13.0
Trabzonspor,Sivasspor,2,1,12,18,1.8,3.75,4.33,3.0,2.0
Galatasaray,Yeni Malatyaspor,1,0,18,10,1.44,4.75,6.0,5.0,10.0
Gaziantep,Rizespor,2,0,21,6,2.4,3.4,2.8,9.0,13.0
Antalyaspor,Kasimpasa,3,1,16,6,2.0,3.8,3.3,16.0,17.0
Sivasspor,Alanyaspor,1,0,5,11,2.15,3.5,3.2,4.0,5.0
Kayserispor,Konyaspor,2,2,17,11,2.7,3.25,2.7,18.0,15.0
Goztepe,Gaziantep,1,1,12,15,1.66,3.75,5.0,8.0,9.0
Besiktas,Trabzonspor,2,2,29,9,1.83,3.8,3.8,7.0,2.0
Yeni Malatyaspor,Antalyaspor,1,2,18,9,2.05,3.4,3.5,10.0,14.0
Genclerbirligi,Ankaragucu,1,0,14,10,1.8,3.6,4.33,12.0,16.0
Fenerbahce,Galatasaray,1,3,10,14,2.05,3.4,3.5,6.0,4.0
Rizespor,Basaksehir,1,2,17,21,3.3,3.4,2.15,14.0,4.0
Kasimpasa,Denizlispor,2,0,14,8,2.1,3.6,3.25,17.0,13.0
Alanyaspor,Besiktas,1,2,8,18,2.3,3.6,2.8,5.0,7.0
Konyaspor,Kasimpasa,0,0,10,8,2.0,3.4,3.6,15.0,17.0
Trabzonspor,Rizespor,5,2,17,18,1.53,4.2,4.5,2.0,14.0
Antalyaspor,Fenerbahce,2,2,12,17,3.8,3.6,1.95,11.0,7.0
Denizlispor,Yeni Malatyaspor,2,0,24,2,2.4,3.5,2.75,13.0,12.0
Ankaragucu,Sivasspor,0,3,8,21,4.0,3.75,1.83,17.0,4.0
Galatasaray,Genclerbirligi,3,0,12,9,1.4,4.75,7.0,4.0,10.0
Kayserispor,Goztepe,1,0,9,13,2.75,3.5,2.4,18.0,8.0
Basaksehir,Gaziantep,3,1,20,22,1.5,4.33,6.0,4.0,9.0
Besiktas,Ankaragucu,2,1,12,12,1.22,7.0,10.0,5.0,17.0
Yeni Malatyaspor,Konyaspor,1,1,8,9,2.45,3.1,3.0,13.0,15.0
Goztepe,Basaksehir,0,3,17,12,3.25,3.1,2.3,8.0,1.0
Gaziantep,Trabzonspor,1,1,10,6,3.5,3.6,2.0,9.0,2.0
Fenerbahce,Denizlispor,2,2,9,12,1.36,4.75,8.5,7.0,10.0
Kasimpasa,Kayserispor,5,1,16,13,1.85,4.0,3.6,16.0,18.0
Rizespor,Alanyaspor,1,1,12,22,2.87,3.4,2.4,14.0,7.0
Sivasspor,Galatasaray,2,2,10,11,2.7,3.3,2.55,4.0,3.0
Genclerbirligi,Antalyaspor,1,1,20,7,2.55,3.3,2.7,11.0,12.0
Yeni Malatyaspor,Trabzonspor,1,3,6,13,3.75,3.6,1.9,13.0,2.0
Kasimpasa,Goztepe,2,0,11,9,2.2,3.6,3.0,16.0,8.0
Ankaragucu,Rizespor,2,1,13,15,2.3,3.25,3.1,17.0,15.0
Denizlispor,Genclerbirligi,1,0,19,13,2.25,3.4,3.0,10.0,11.0
Alanyaspor,Gaziantep,1,0,9,16,1.57,4.33,5.0,6.0,9.0
Konyaspor,Fenerbahce,1,0,8,10,3.3,3.4,2.15,16.0,7.0
Kayserispor,Yeni Malatyaspor,2,1,15,15,2.37,3.4,2.87,18.0,15.0
Trabzonspor,Basaksehir,1,1,17,12,2.2,3.6,3.0,1.0,2.0
Galatasaray,Besiktas,0,0,16,3,2.0,3.7,3.4,3.0,6.0
Antalyaspor,Sivasspor,1,0,17,8,2.9,3.6,2.25,12.0,4.0
Goztepe,Rizespor,2,0,14,4,2.0,3.5,3.6,8.0,16.0
Goztepe,Trabzonspor,1,3,18,10,3.1,3.4,2.25,8.0,1.0
Fenerbahce,Kayserispor,2,1,10,11,1.5,4.5,5.75,7.0,18.0
Basaksehir,Alanyaspor,2,0,18,12,1.95,3.6,3.6,2.0,6.0
Yeni Malatyaspor,Kasimpasa,1,2,14,11,2.5,3.6,2.6,15.0,14.0
Besiktas,Antalyaspor,1,2,25,11,1.83,4.0,3.75,5.0,11.0
Genclerbirligi,Konyaspor,2,1,12,19,2.37,3.1,3.1,13.0,14.0
Rizespor,Galatasaray,2,0,8,15,7.5,4.33,1.44,16.0,3.0
Gaziantep,Ankaragucu,1,1,5,16,2.1,3.6,3.25,10.0,17.0
Sivasspor,Denizlispor,1,0,16,9,1.77,3.5,4.4,4.0,11.0
Ankaragucu,Basaksehir,1,2,10,20,5.0,4.0,1.61,17.0,2.0
Kayserispor,Genclerbirligi,2,0,15,16,2.3,3.4,3.0,18.0,12.0
Yeni Malatyaspor,Goztepe,2,1,7,10,2.55,3.4,2.6,16.0,8.0
Denizlispor,Besiktas,1,5,11,17,4.0,4.0,1.8,11.0,5.0
Kasimpasa,Fenerbahce,2,0,12,13,3.1,3.4,2.2,13.0,7.0
Konyaspor,Sivasspor,2,2,10,11,2.4,3.3,2.9,16.0,3.0
Galatasaray,Gaziantep,3,3,10,10,1.45,4.5,6.5,4.0,9.0
Antalyaspor,Rizespor,3,1,10,8,2.15,3.4,3.4,10.0,15.0
Alanyaspor,Trabzonspor,2,2,17,12,2.75,3.3,2.45,6.0,2.0
Besiktas,Konyaspor,3,0,15,4,1.7,3.9,4.5,5.0,16.0
Fenerbahce,Yeni Malatyaspor,3,2,18,8,1.53,4.33,5.5,7.0,14.0
Trabzonspor,Ankaragucu,1,1,7,9,1.33,5.25,8.0,2.0,18.0
Goztepe,Alanyaspor,3,3,7,14,3.2,3.2,2.3,8.0,7.0
Sivasspor,Kayserispor,0,2,21,9,1.6,4.1,5.0,3.0,18.0
Rizespor,Denizlispor,2,2,16,5,2.15,3.3,3.4,15.0,13.0
Gaziantep,Antalyaspor,1,1,19,8,2.15,3.4,3.2,10.0,9.0
Basaksehir,Galatasaray,1,1,11,21,1.83,3.6,4.2,1.0,4.0
Genclerbirligi,Kasimpasa,0,2,12,16,2.75,3.25,2.5,13.0,11.0
Denizlispor,Gaziantep,0,1,9,8,2.45,3.25,2.87,12.0,10.0
Yeni Malatyaspor,Genclerbirligi,0,0,4,8,2.05,3.6,3.3,15.0,13.0
Ankaragucu,Alanyaspor,1,4,20,15,3.3,3.6,2.1,18.0,7.0
Fenerbahce,Goztepe,2,1,11,10,1.65,4.0,4.75,7.0,8.0
Antalyaspor,Basaksehir,0,2,11,16,3.4,3.5,2.05,10.0,1.0
Kasimpasa,Sivasspor,0,0,6,16,2.3,3.8,2.7,11.0,3.0
Konyaspor,Rizespor,1,0,13,5,1.9,3.3,4.2,17.0,15.0
Galatasaray,Trabzonspor,1,3,9,10,2.4,3.6,2.7,4.0,2.0
Kayserispor,Besiktas,3,1,9,12,5.25,4.5,1.53,17.0,5.0
Genclerbirligi,Fenerbahce,1,1,17,15,4.33,3.75,1.75,13.0,6.0
Basaksehir,Denizlispor,2,0,13,10,1.33,5.0,8.5,1.0,13.0
Trabzonspor,Antalyaspor,2,2,15,13,1.25,6.0,10.0,2.0,10.0
Sivasspor,Yeni Malatyaspor,0,1,11,8,1.7,3.75,4.75,3.0,16.0
Goztepe,Ankaragucu,2,2,10,16,2.4,3.3,2.75,8.0,18.0
Alanyaspor,Galatasaray,4,1,13,21,2.25,3.5,3.0,7.0,4.0
Rizespor,Kayserispor,3,2,14,17,2.3,3.4,3.0,17.0,15.0
Gaziantep,Konyaspor,3,1,18,15,3.25,3.1,2.37,9.0,17.0
Besiktas,Kasimpasa,3,2,16,14,1.53,4.33,5.5,7.0,11.0
Goztepe,Genclerbirligi,1,3,16,5,2.37,3.5,2.8,9.0,12.0
Ankaragucu,Galatasaray,1,0,14,18,4.0,4.2,1.72,18.0,5.0
Fenerbahce,Sivasspor,1,2,12,13,2.05,3.6,3.3,7.0,3.0
Antalyaspor,Alanyaspor,1,0,12,11,4.0,4.0,1.75,10.0,6.0
Kayserispor,Gaziantep,1,1,12,13,1.7,3.8,4.75,16.0,8.0
Kasimpasa,Rizespor,2,0,12,5,1.83,3.75,4.0,11.0,15.0
Yeni Malatyaspor,Besiktas,0,1,13,6,3.3,3.75,2.05,13.0,4.0
Konyaspor,Basaksehir,4,3,16,17,3.8,3.3,2.0,17.0,1.0
Denizlispor,Trabzonspor,2,1,13,23,5.0,4.0,1.61,15.0,2.0
Gaziantep,Kasimpasa,2,2,12,12,2.5,3.5,2.62,8.0,11.0
Galatasaray,Goztepe,3,1,14,10,1.36,5.0,7.5,5.0,11.0
Trabzonspor,Konyaspor,3,4,16,9,1.57,4.5,5.0,2.0,14.0
Sivasspor,Genclerbirligi,2,0,14,9,1.53,4.0,6.0,3.0,12.0
Rizespor,Yeni Malatyaspor,3,0,12,13,2.7,3.0,2.55,16.0,15.0
Besiktas,Fenerbahce,2,0,13,17,1.75,3.75,4.33,4.0,7.0
Basaksehir,Kayserispor,1,0,20,6,1.28,6.0,8.0,1.0,17.0
Ankaragucu,Antalyaspor,0,1,19,9,1.95,3.3,3.5,18.0,9.0
Alanyaspor,Denizlispor,1,0,19,10,1.61,4.0,5.25,6.0,14.0
Antalyaspor,Galatasaray,2,2,13,8,3.25,3.8,2.0,8.0,5.0
Yeni Malatyaspor,Gaziantep,0,1,9,12,1.85,3.8,3.8,16.0,9.0
Konyaspor,Alanyaspor,2,3,13,17,3.3,3.8,1.95,13.0,6.0
Kayserispor,Trabzonspor,1,2,22,16,3.4,4.0,1.9,17.0,2.0
Goztepe,Sivasspor,3,1,8,25,4.2,4.2,1.7,11.0,3.0
Genclerbirligi,Besiktas,0,3,14,10,5.0,4.75,1.53,12.0,4.0
Fenerbahce,Rizespor,3,1,9,17,2.4,3.3,2.8,7.0,15.0
Denizlispor,Ankaragucu,0,1,18,6,1.61,4.0,5.0,14.0,18.0
Kasimpasa,Basaksehir,3,2,15,16,2.3,3.75,2.75,11.0,1.0
