Home team name,Away team name,Home score,Away score,Home xG,Away xG,Home odds,Draw odds,Away odds,Home ranking,Away ranking
Istanbulspor AS,Trabzonspor,0,2,3,13,4.75,3.8,1.57,20.0,20.0
Sivasspor,Gaziantep,1,1,9,16,2.15,3.4,3.0,20.0,20.0
Besiktas,Kayserispor,1,0,20,5,1.5,4.5,5.0,20.0,20.0
Karagumruk,Alanyaspor,2,4,17,10,2.25,3.5,2.75,20.0,20.0
Giresunspor,Adana Demirspor,2,3,14,10,3.0,3.3,2.25,20.0,20.0
Antalyaspor,Galatasaray,0,1,12,13,2.37,3.4,2.62,20.0,20.0
Basaksehir,Kasimpasa,4,0,15,9,1.95,3.4,3.6,20.0,20.0
Fenerbahce,Umraniyespor,3,3,17,10,1.22,5.25,9.0,20.0,20.0
Ankaragucu,Konyaspor,0,0,12,10,2.9,3.5,2.15,20.0,20.0
Trabzonspor,Hatayspor,1,0,21,7,1.44,4.5,7.5,2.0,20.0
Kayserispor,Istanbulspor AS,1,0,8,13,1.7,4.0,4.75,13.0,17.0
Galatasaray,Giresunspor,0,1,14,5,1.5,4.0,8.0,6.0,14.0
Adana Demirspor,Sivasspor,3,0,27,10,1.9,3.6,4.0,5.0,9.0
Umraniyespor,Antalyaspor,0,1,14,11,3.5,3.4,2.05,11.0,15.0
Gaziantep,Ankaragucu,1,0,20,6,2.05,3.6,3.5,10.0,12.0
Alanyaspor,Besiktas,3,3,11,6,2.8,3.6,2.4,5.0,6.0
Konyaspor,Basaksehir,0,0,9,9,3.1,3.6,2.25,12.0,6.0
Kasimpasa,Fenerbahce,0,6,6,24,3.6,3.8,1.9,19.0,12.0
Umraniyespor,Galatasaray,0,1,15,24,4.33,4.0,1.72,13.0,11.0
Hatayspor,Gaziantep,1,2,14,11,2.55,3.4,2.62,16.0,7.0
Giresunspor,Kasimpasa,1,0,14,11,2.1,3.6,3.3,10.0,19.0
Antalyaspor,Trabzonspor,5,2,13,17,2.62,3.1,2.75,11.0,3.0
Basaksehir,Kayserispor,2,0,12,10,1.66,3.75,5.0,8.0,11.0
Besiktas,Karagumruk,4,1,19,7,1.7,4.0,4.5,10.0,16.0
Sivasspor,Alanyaspor,1,1,10,13,2.37,3.5,2.8,15.0,10.0
Istanbulspor AS,Konyaspor,0,4,11,14,3.25,3.6,2.1,17.0,12.0
Fenerbahce,Adana Demirspor,4,2,11,14,1.65,4.33,4.75,11.0,4.0
Gaziantep,Antalyaspor,5,2,13,10,2.5,3.4,2.8,4.0,5.0
Karagumruk,Ankaragucu,4,1,13,10,2.0,3.5,3.6,17.0,14.0
Alanyaspor,Istanbulspor AS,0,1,14,10,1.4,5.25,7.0,11.0,18.0
Adana Demirspor,Umraniyespor,1,0,15,15,1.5,4.75,6.0,5.0,16.0
Kayserispor,Giresunspor,3,0,15,11,2.25,3.5,3.1,12.0,6.0
Kasimpasa,Hatayspor,1,0,12,11,2.05,3.5,3.5,19.0,18.0
Trabzonspor,Galatasaray,0,0,10,13,2.62,3.4,2.62,8.0,7.0
Konyaspor,Fenerbahce,1,0,6,8,4.2,3.75,1.85,11.0,3.0
Besiktas,Sivasspor,3,1,18,6,1.5,4.0,5.5,6.0,16.0
Umraniyespor,Trabzonspor,0,1,7,23,3.5,3.6,2.0,17.0,8.0
Sivasspor,Karagumruk,0,0,7,12,2.05,3.3,3.4,16.0,13.0
Basaksehir,Alanyaspor,2,0,10,8,1.7,3.75,4.5,7.0,12.0
Giresunspor,Konyaspor,0,1,10,18,2.7,3.1,2.62,11.0,6.0
Fenerbahce,Kayserispor,2,0,17,5,1.4,4.5,6.0,7.0,9.0
Hatayspor,Adana Demirspor,1,1,15,23,3.0,3.4,2.2,19.0,7.0
Antalyaspor,Kasimpasa,0,2,15,13,1.7,3.75,4.33,9.0,16.0
Ankaragucu,Besiktas,2,3,7,11,4.75,3.75,1.61,19.0,4.0
Galatasaray,Gaziantep,2,1,20,12,1.53,4.0,5.25,8.0,5.0
Alanyaspor,Ankaragucu,2,1,11,11,1.72,3.8,4.5,13.0,19.0
Konyaspor,Hatayspor,1,0,13,6,1.7,4.0,4.5,2.0,17.0
Karagumruk,Giresunspor,1,1,10,4,2.05,3.5,3.6,14.0,12.0
Sivasspor,Istanbulspor AS,1,1,13,6,1.9,3.5,4.0,15.0,16.0
Kayserispor,Antalyaspor,1,0,9,10,2.55,3.5,2.7,11.0,12.0
Kasimpasa,Galatasaray,2,3,13,22,4.2,4.2,1.72,13.0,7.0
Gaziantep,Umraniyespor,1,1,5,18,1.72,4.0,4.5,6.0,17.0
Besiktas,Basaksehir,0,1,21,7,2.25,3.5,3.1,2.0,6.0
Adana Demirspor,Trabzonspor,3,2,18,12,2.62,3.5,2.55,7.0,8.0
Hatayspor,Kayserispor,0,4,16,9,2.3,3.4,3.0,18.0,9.0
Galatasaray,Konyaspor,2,1,18,19,1.75,3.75,4.5,5.0,1.0
Umraniyespor,Kasimpasa,1,2,20,13,2.5,3.75,2.55,17.0,13.0
Istanbulspor AS,Besiktas,2,2,8,8,7.0,4.75,1.4,16.0,4.0
Antalyaspor,Adana Demirspor,0,3,9,13,2.7,3.75,2.45,13.0,5.0
Trabzonspor,Gaziantep,3,2,21,10,1.61,4.2,4.75,9.0,7.0
Basaksehir,Karagumruk,0,0,8,7,1.61,4.0,5.25,5.0,14.0
Fenerbahce,Alanyaspor,5,0,17,7,1.55,4.33,5.5,9.0,11.0
Ankaragucu,Sivasspor,2,1,11,13,2.1,3.5,3.4,18.0,16.0
Kasimpasa,Gaziantep,1,0,12,7,2.1,3.5,3.0,10.0,9.0
Kayserispor,Trabzonspor,1,2,12,20,3.3,3.4,2.0,8.0,7.0
Ankaragucu,Basaksehir,1,2,10,8,3.4,3.3,2.0,16.0,4.0
Adana Demirspor,Galatasaray,0,0,8,23,2.9,3.4,2.3,2.0,3.0
Sivasspor,Hatayspor,1,2,29,4,1.9,3.4,3.75,16.0,19.0
Alanyaspor,Giresunspor,1,1,12,8,1.95,3.4,3.4,11.0,12.0
Konyaspor,Umraniyespor,1,0,8,16,1.6,3.8,5.0,6.0,19.0
Besiktas,Fenerbahce,0,0,9,9,2.37,3.25,2.7,6.0,7.0
Karagumruk,Istanbulspor AS,1,2,7,15,1.75,3.6,4.2,13.0,15.0
Gaziantep,Adana Demirspor,1,1,8,22,2.7,3.6,2.3,10.0,2.0
Istanbulspor AS,Ankaragucu,1,2,10,14,2.8,3.4,2.37,13.0,16.0
Antalyaspor,Konyaspor,1,1,12,11,2.55,3.3,2.62,16.0,3.0
Giresunspor,Besiktas,0,1,8,14,4.33,3.5,1.75,12.0,6.0
Umraniyespor,Kayserispor,2,2,10,12,2.37,3.5,2.8,19.0,8.0
Hatayspor,Alanyaspor,1,0,11,10,2.7,3.5,2.3,18.0,11.0
Fenerbahce,Karagumruk,5,4,16,6,1.36,4.75,6.5,7.0,17.0
Trabzonspor,Kasimpasa,0,0,20,7,1.53,4.5,5.5,7.0,10.0
Basaksehir,Sivasspor,0,2,21,7,1.65,3.6,5.0,5.0,18.0
Alanyaspor,Antalyaspor,3,2,9,13,2.2,3.4,3.1,11.0,16.0
Karagumruk,Hatayspor,3,0,14,13,1.9,3.6,3.6,18.0,16.0
Kasimpasa,Adana Demirspor,1,4,23,14,3.0,3.6,2.15,9.0,2.0
Konyaspor,Gaziantep,0,1,19,6,1.7,3.8,4.5,3.0,10.0
Kayserispor,Galatasaray,2,1,18,12,4.0,3.5,1.9,9.0,6.0
Basaksehir,Istanbulspor AS,2,0,11,10,1.5,4.33,5.75,5.0,14.0
Besiktas,Trabzonspor,2,2,17,10,2.05,3.5,3.4,3.0,7.0
Sivasspor,Giresunspor,3,0,16,11,2.05,3.2,3.75,15.0,13.0
Ankaragucu,Fenerbahce,0,3,8,10,4.0,3.75,1.8,16.0,6.0
Antalyaspor,Istanbulspor AS,2,1,20,11,1.7,3.6,4.75,16.0,15.0
Umraniyespor,Karagumruk,1,3,9,12,2.7,3.5,2.4,19.0,14.0
Trabzonspor,Sivasspor,1,0,15,12,1.53,4.2,5.0,6.0,13.0
Fenerbahce,Basaksehir,1,0,14,3,1.8,3.5,4.33,3.0,4.0
Kasimpasa,Kayserispor,0,1,27,11,2.1,3.4,3.2,10.0,8.0
Adana Demirspor,Konyaspor,1,1,24,12,2.15,3.4,3.2,2.0,7.0
Galatasaray,Alanyaspor,2,2,18,15,1.36,5.0,6.5,8.0,12.0
Hatayspor,Besiktas,2,1,8,18,4.5,3.8,1.66,18.0,5.0
Giresunspor,Ankaragucu,1,1,17,8,2.37,3.1,3.0,16.0,18.0
Karagumruk,Galatasaray,0,2,6,35,4.2,3.6,1.75,12.0,8.0
Konyaspor,Kasimpasa,1,1,17,7,1.66,3.8,4.5,7.0,11.0
Alanyaspor,Gaziantep,2,0,9,15,1.9,4.0,3.4,11.0,9.0
Ankaragucu,Hatayspor,4,1,17,6,1.9,3.5,3.6,17.0,15.0
Kayserispor,Adana Demirspor,2,2,11,14,2.6,3.75,2.3,8.0,2.0
Besiktas,Umraniyespor,5,2,16,9,1.3,5.5,8.0,8.0,19.0
Istanbulspor AS,Fenerbahce,2,5,4,13,5.25,4.33,1.45,18.0,1.0
Sivasspor,Antalyaspor,0,2,6,7,2.15,3.3,3.3,14.0,15.0
Basaksehir,Giresunspor,3,1,14,11,1.66,3.4,5.0,6.0,17.0
Umraniyespor,Alanyaspor,3,1,12,8,2.5,3.4,2.75,19.0,9.0
Kasimpasa,Ankaragucu,1,1,11,12,2.45,3.3,2.8,11.0,14.0
Giresunspor,Istanbulspor AS,3,2,16,12,2.0,3.4,3.75,17.0,18.0
Galatasaray,Besiktas,2,1,19,12,1.9,3.5,4.0,5.0,4.0
Gaziantep,Kayserispor,1,2,16,12,2.37,3.3,3.0,10.0,8.0
Antalyaspor,Karagumruk,4,2,22,16,1.9,3.5,4.0,12.0,13.0
Trabzonspor,Konyaspor,2,2,21,10,1.85,3.4,4.2,7.0,8.0
Hatayspor,Basaksehir,3,3,8,11,4.33,3.5,1.83,17.0,3.0
Fenerbahce,Sivasspor,1,0,12,8,1.33,5.25,8.5,1.0,17.0
Ankaragucu,Trabzonspor,1,1,10,9,2.9,3.2,2.37,14.0,7.0
Alanyaspor,Adana Demirspor,0,0,16,9,2.9,3.5,2.3,10.0,4.0
Sivasspor,Umraniyespor,2,2,13,15,1.9,3.5,3.8,17.0,19.0
Fenerbahce,Giresunspor,1,2,16,9,1.36,5.0,7.0,1.0,15.0
Basaksehir,Galatasaray,0,7,10,16,3.2,3.25,2.15,2.0,4.0
Karagumruk,Gaziantep,3,3,18,11,2.1,3.3,3.2,15.0,11.0
Kayserispor,Konyaspor,1,2,15,9,2.5,3.25,2.75,5.0,8.0
Istanbulspor AS,Hatayspor,0,1,9,10,2.2,3.3,3.1,18.0,17.0
Umraniyespor,Basaksehir,1,3,11,12,3.75,3.5,1.91,19.0,5.0
Antalyaspor,Ankaragucu,0,2,11,8,2.1,3.5,3.3,11.0,16.0
Hatayspor,Giresunspor,1,1,11,12,2.05,3.75,3.3,15.0,13.0
Kasimpasa,Sivasspor,1,2,10,9,2.15,3.5,3.1,15.0,17.0
Trabzonspor,Fenerbahce,2,0,18,8,2.9,3.3,2.45,7.0,1.0
Adana Demirspor,Karagumruk,2,1,16,14,1.6,4.5,4.5,5.0,17.0
Konyaspor,Alanyaspor,2,2,10,15,1.75,3.75,4.0,6.0,9.0
Gaziantep,Besiktas,1,1,10,20,4.0,4.0,1.7,10.0,8.0
Galatasaray,Istanbulspor AS,2,1,17,12,1.2,7.0,11.0,2.0,18.0
Basaksehir,Antalyaspor,2,0,6,6,1.91,3.5,4.0,4.0,12.0
Ankaragucu,Umraniyespor,1,2,17,8,1.8,3.75,4.0,11.0,19.0
Fenerbahce,Hatayspor,4,0,25,4,1.33,5.25,7.5,3.0,14.0
Istanbulspor AS,Kasimpasa,2,1,10,11,3.2,3.8,2.0,19.0,14.0
Alanyaspor,Kayserispor,3,1,5,14,2.0,3.8,3.2,9.0,8.0
Karagumruk,Trabzonspor,4,1,10,13,4.2,3.75,1.7,17.0,5.0
Sivasspor,Galatasaray,1,2,15,12,4.75,4.2,1.65,17.0,2.0
Giresunspor,Gaziantep,2,1,13,11,2.15,3.5,3.1,14.0,10.0
Besiktas,Adana Demirspor,1,0,16,13,1.73,4.0,3.75,7.0,4.0
Umraniyespor,Hatayspor,2,2,11,17,1.95,3.5,3.5,19.0,16.0
Antalyaspor,Fenerbahce,1,2,8,18,4.0,3.5,1.83,14.0,2.0
Kayserispor,Karagumruk,2,4,19,11,2.0,3.4,3.4,8.0,12.0
Kasimpasa,Alanyaspor,4,1,11,14,2.4,3.4,2.63,16.0,9.0
Konyaspor,Sivasspor,2,2,10,10,1.95,3.3,3.6,7.0,17.0
Galatasaray,Ankaragucu,2,1,12,9,1.44,4.33,6.5,2.0,14.0
Gaziantep,Basaksehir,1,1,14,16,2.9,3.25,2.3,13.0,3.0
Trabzonspor,Giresunspor,3,0,17,5,1.55,3.8,5.5,7.0,11.0
Adana Demirspor,Istanbulspor AS,6,0,17,8,1.44,4.5,6.0,5.0,19.0
Hatayspor,Antalyaspor,0,0,9,11,2.9,3.3,2.4,16.0,15.0
Besiktas,Kasimpasa,2,1,14,12,1.75,4.2,3.8,6.0,13.0
Karagumruk,Konyaspor,3,3,6,17,2.38,3.6,2.8,10.0,7.0
Giresunspor,Umraniyespor,0,1,25,11,2.05,3.75,3.4,11.0,18.0
Ankaragucu,Kayserispor,2,1,20,10,1.91,3.6,3.8,16.0,8.0
Fenerbahce,Galatasaray,0,3,13,13,2.1,3.4,3.4,2.0,1.0
Basaksehir,Adana Demirspor,2,1,16,18,2.1,3.4,3.4,3.0,4.0
Istanbulspor AS,Gaziantep,1,1,12,8,2.75,3.5,2.4,19.0,13.0
Alanyaspor,Trabzonspor,5,0,11,15,3.1,3.4,2.2,9.0,6.0
Kayserispor,Sivasspor,4,1,15,17,2.18,3.45,3.05,9.0,17.0
Galatasaray,Hatayspor,4,0,28,10,1.25,6.0,9.0,1.0,16.0
Antalyaspor,Giresunspor,2,2,12,21,2.0,3.4,3.8,15.0,13.0
Konyaspor,Besiktas,1,2,15,20,2.7,3.3,2.6,7.0,5.0
Adana Demirspor,Ankaragucu,3,1,12,25,2.05,3.75,3.2,5.0,13.0
Trabzonspor,Basaksehir,1,0,9,17,1.91,3.2,4.2,6.0,3.0
Umraniyespor,Istanbulspor AS,0,2,27,8,2.1,3.5,3.4,18.0,19.0
Kasimpasa,Karagumruk,2,2,12,11,2.2,3.6,3.0,15.0,10.0
Gaziantep,Fenerbahce,1,2,10,20,4.75,3.75,1.7,12.0,2.0
Adana Demirspor,Giresunspor,1,1,31,9,1.75,4.0,4.0,4.0,11.0
Kasimpasa,Basaksehir,1,3,11,19,3.1,3.3,2.25,14.0,4.0
Galatasaray,Antalyaspor,2,1,20,7,1.3,5.0,8.0,1.0,15.0
Gaziantep,Sivasspor,1,2,11,13,2.3,3.4,3.0,12.0,17.0
Kayserispor,Besiktas,0,2,15,7,3.3,3.5,2.05,8.0,5.0
Alanyaspor,Karagumruk,2,2,15,9,1.8,4.2,3.6,9.0,10.0
Trabzonspor,Istanbulspor AS,4,0,20,10,1.33,4.75,9.0,6.0,18.0
Umraniyespor,Fenerbahce,1,2,7,22,6.5,5.0,1.44,19.0,2.0
Konyaspor,Ankaragucu,0,1,13,8,2.15,3.4,3.3,7.0,13.0
Besiktas,Alanyaspor,3,0,21,6,1.6,4.2,5.0,4.0,9.0
Sivasspor,Adana Demirspor,1,2,19,11,3.1,3.5,2.2,15.0,6.0
Hatayspor,Trabzonspor,2,1,10,16,4.75,3.5,1.75,17.0,6.0
Ankaragucu,Gaziantep,0,2,17,16,1.7,3.75,4.5,11.0,14.0
Giresunspor,Galatasaray,0,4,12,16,7.0,4.5,1.4,13.0,1.0
Antalyaspor,Umraniyespor,3,2,25,7,1.85,3.5,4.2,16.0,19.0
Istanbulspor AS,Kayserispor,2,4,8,15,3.3,3.1,2.3,18.0,8.0
Fenerbahce,Kasimpasa,5,1,22,4,1.3,6.0,7.0,2.0,16.0
Basaksehir,Konyaspor,2,0,12,12,1.95,3.1,4.2,5.0,8.0
Alanyaspor,Sivasspor,0,3,8,10,2.05,3.5,3.2,9.0,17.0
Karagumruk,Besiktas,1,1,9,11,3.8,3.8,1.83,10.0,4.0
Kasimpasa,Giresunspor,5,1,13,12,2.0,3.6,3.3,17.0,15.0
Gaziantep,Hatayspor,4,1,12,12,2.15,3.5,3.2,11.0,17.0
Trabzonspor,Antalyaspor,2,0,18,6,1.65,3.8,4.75,6.0,15.0
Galatasaray,Umraniyespor,3,2,30,5,1.22,7.0,9.5,1.0,19.0
Konyaspor,Istanbulspor AS,0,1,22,8,1.53,4.0,5.75,8.0,18.0
Kayserispor,Basaksehir,1,0,15,14,3.1,3.1,2.38,7.0,3.0
Adana Demirspor,Fenerbahce,1,1,20,25,3.2,3.8,2.0,6.0,2.0
Ankaragucu,Karagumruk,0,2,14,17,2.15,3.4,3.25,12.0,11.0
Sivasspor,Besiktas,1,0,9,9,3.1,3.3,2.2,14.0,4.0
Antalyaspor,Gaziantep,1,0,10,12,1.91,3.5,3.8,15.0,10.0
Istanbulspor AS,Alanyaspor,2,1,7,14,3.4,3.5,2.05,18.0,11.0
Hatayspor,Kasimpasa,1,0,13,14,2.55,3.5,2.45,18.0,15.0
Galatasaray,Trabzonspor,2,1,23,11,1.62,3.8,4.75,1.0,6.0
Giresunspor,Kayserispor,1,2,3.54,1.97,2.2,3.2,3.4,17.0,7.0
Fenerbahce,Konyaspor,4,0,3.28,0.28,1.44,4.75,7.0,2.0,8.0
Umraniyespor,Adana Demirspor,1,1,1.66,1.63,3.5,3.75,2.0,19.0,5.0
Besiktas,Antalyaspor,0,0,2.15,0.09,1.5,4.33,6.5,5.0,13.0
Alanyaspor,Basaksehir,1,0,1.39,0.76,2.55,3.1,2.63,11.0,4.0
Karagumruk,Sivasspor,4,3,2.49,1.68,2.15,3.2,3.2,10.0,13.0
Trabzonspor,Umraniyespor,1,2,2.39,1.21,1.33,5.0,7.0,6.0,19.0
Kayserispor,Fenerbahce,1,2,1.77,1.36,4.5,3.6,1.7,7.0,2.0
Konyaspor,Giresunspor,0,0,0.88,0.92,1.8,3.75,3.6,10.0,17.0
Besiktas,Ankaragucu,2,1,2.68,1.59,1.57,4.0,5.0,3.0,15.0
Kasimpasa,Antalyaspor,3,1,0.85,2.07,2.15,3.3,3.1,16.0,12.0
Giresunspor,Karagumruk,2,2,1.94,1.54,2.55,3.4,2.45,17.0,8.0
Antalyaspor,Kayserispor,4,0,3.73,0.29,1.91,3.6,3.5,12.0,7.0
Galatasaray,Kasimpasa,1,0,1.62,0.43,1.4,4.5,6.5,1.0,13.0
Ankaragucu,Alanyaspor,2,0,1.44,0.58,2.15,3.4,3.0,17.0,11.0
Trabzonspor,Adana Demirspor,4,1,1.31,2.23,1.8,3.75,3.8,6.0,5.0
Basaksehir,Besiktas,0,2,0.88,1.56,2.9,3.2,2.3,5.0,3.0
Istanbulspor AS,Sivasspor,3,0,1.45,1.38,2.75,3.3,2.3,18.0,15.0
Konyaspor,Galatasaray,2,1,1.24,1.83,4.33,3.5,1.83,9.0,1.0
Kasimpasa,Umraniyespor,1,1,1.46,1.20,1.91,3.6,3.75,14.0,19.0
Adana Demirspor,Antalyaspor,2,0,2.58,0.49,1.85,3.75,3.8,6.0,10.0
Besiktas,Istanbulspor AS,3,1,1.34,0.64,1.25,6.0,9.5,3.0,16.0
Sivasspor,Ankaragucu,2,0,4.39,0.47,2.6,3.0,2.88,15.0,14.0
Karagumruk,Basaksehir,2,2,2.13,2.72,2.8,3.1,2.63,9.0,6.0
Alanyaspor,Fenerbahce,1,3,0.77,2.84,5.0,4.33,1.6,11.0,2.0
Trabzonspor,Kayserispor,3,4,3.75,2.07,1.4,4.5,6.5,6.0,7.0
Basaksehir,Ankaragucu,1,0,0.78,1.89,1.83,3.6,4.0,5.0,15.0
Galatasaray,Adana Demirspor,2,0,2.05,0.55,1.36,5.0,6.5,1.0,5.0
Umraniyespor,Konyaspor,2,2,1.13,1.09,2.5,3.3,2.63,19.0,9.0
Giresunspor,Alanyaspor,2,2,2.13,2.17,2.2,3.4,3.0,17.0,11.0
Fenerbahce,Besiktas,2,4,4.09,1.09,2.0,3.25,3.75,2.0,3.0
Istanbulspor AS,Karagumruk,0,1,0.87,0.76,3.1,3.5,2.15,17.0,9.0
Konyaspor,Antalyaspor,1,1,1.56,0.83,2.38,3.2,3.2,9.0,11.0
Ankaragucu,Istanbulspor AS,3,2,0.71,1.79,1.67,3.75,4.75,15.0,17.0
Kasimpasa,Trabzonspor,2,0,1.89,1.23,2.7,3.3,2.5,14.0,6.0
Sivasspor,Basaksehir,1,1,0.72,0.57,2.55,3.0,2.88,14.0,4.0
Besiktas,Giresunspor,3,1,1.85,1.16,1.36,5.0,6.5,3.0,16.0
Kayserispor,Umraniyespor,3,1,2.82,2.42,1.8,3.8,3.8,7.0,19.0
Karagumruk,Fenerbahce,1,2,1.35,1.51,5.75,4.5,1.44,8.0,3.0
Galatasaray,Kayserispor,6,0,3.82,0.57,1.29,5.5,9.5,1.0,7.0
Antalyaspor,Alanyaspor,3,1,2.13,0.73,1.85,3.5,4.2,10.0,11.0
Istanbulspor AS,Basaksehir,1,0,1.25,2.04,3.4,3.3,2.0,17.0,4.0
Adana Demirspor,Kasimpasa,5,0,4.03,0.25,1.75,3.8,4.2,5.0,11.0
Fenerbahce,Ankaragucu,2,1,2.28,2.27,1.36,5.0,7.5,2.0,14.0
Giresunspor,Sivasspor,1,0,0.85,0.74,2.5,3.4,2.75,17.0,13.0
Trabzonspor,Besiktas,0,0,0.68,0.74,2.63,3.4,2.55,6.0,3.0
Karagumruk,Umraniyespor,4,2,2.92,2.11,2.1,3.8,3.0,8.0,19.0
Alanyaspor,Galatasaray,1,4,1.25,2.55,6.5,4.75,1.44,11.0,1.0
Kayserispor,Kasimpasa,0,0,1.35,0.81,2.25,3.75,2.63,7.0,12.0
Istanbulspor AS,Antalyaspor,3,3,1.57,2.14,3.2,3.25,2.15,16.0,10.0
Konyaspor,Adana Demirspor,1,2,0.79,2.39,2.4,3.5,2.6,9.0,4.0
Basaksehir,Fenerbahce,1,2,1.27,2.01,3.75,3.5,1.85,5.0,2.0
Ankaragucu,Giresunspor,3,1,2.22,0.22,1.7,3.8,4.75,14.0,16.0
Sivasspor,Trabzonspor,4,1,2.64,0.22,2.3,3.1,3.0,14.0,6.0
Umraniyespor,Besiktas,0,2,1.19,2.07,5.25,4.0,1.53,19.0,3.0
Kasimpasa,Konyaspor,1,2,1.42,1.95,2.25,3.6,2.8,13.0,9.0
Adana Demirspor,Kayserispor,5,3,2.51,1.65,1.45,5.0,5.75,4.0,7.0
Galatasaray,Karagumruk,3,3,4.04,1.31,1.25,5.5,9.5,1.0,8.0
Giresunspor,Basaksehir,2,4,2.76,2.65,2.5,3.4,2.75,16.0,5.0
Fenerbahce,Istanbulspor AS,3,3,2.06,1.52,1.2,7.0,12.0,2.0,15.0
Antalyaspor,Sivasspor,1,2,1.62,2.32,2.0,3.4,3.6,10.0,11.0
Alanyaspor,Umraniyespor,1,0,8,13,1.75,4.0,3.75,14.0,19.0
Konyaspor,Trabzonspor,2,1,12,8,2.3,3.4,2.8,9.0,6.0
Karagumruk,Antalyaspor,0,1,4,8,2.55,3.6,2.3,9.0,11.0
Sivasspor,Fenerbahce,1,3,10,7,3.4,3.5,1.95,11.0,2.0
Ankaragucu,Kasimpasa,0,0,6,8,1.8,3.5,3.75,13.0,14.0
Besiktas,Galatasaray,3,1,13,7,2.63,3.6,2.3,3.0,1.0
Istanbulspor AS,Giresunspor,1,0,5,20,2.2,3.5,2.88,15.0,16.0
Antalyaspor,Besiktas,1,3,9,11,3.26,3.66,2.24,10.0,3.0
Adana Demirspor,Alanyaspor,4,2,17,13,1.54,4.89,5.41,4.0,13.0
Umraniyespor,Sivasspor,4,1,15,5,2.86,3.61,2.44,19.0,11.0
Konyaspor,Kayserispor,2,2,7,8,1.74,4.17,4.52,8.0,7.0
Giresunspor,Fenerbahce,1,1,7,11,5.62,4.53,1.57,16.0,2.0
Trabzonspor,Ankaragucu,2,0,14,3,2.13,3.69,3.38,7.0,12.0
Galatasaray,Basaksehir,1,0,19,8,1.38,5.49,7.59,2.0,5.0
Sivasspor,Kasimpasa,1,2,15,6,1.91,3.5,4.0,11.0,15.0
Istanbulspor AS,Galatasaray,0,2,9,20,10.0,6.5,1.25,15.0,1.0
Alanyaspor,Konyaspor,0,3,12,14,2.38,3.6,2.88,14.0,8.0
Basaksehir,Umraniyespor,1,1,6,14,2.05,3.5,3.25,5.0,18.0
Karagumruk,Adana Demirspor,2,3,13,19,3.6,4.0,1.8,9.0,4.0
Ankaragucu,Antalyaspor,1,1,10,7,2.38,3.2,2.75,13.0,10.0
Fenerbahce,Trabzonspor,3,1,13,9,1.4,4.33,6.5,2.0,6.0
Kasimpasa,Istanbulspor AS,1,0,11,9,1.75,3.75,3.75,12.0,15.0
Kayserispor,Alanyaspor,0,4,19,7,2.15,3.3,3.1,8.0,14.0
Galatasaray,Sivasspor,2,0,11,4,1.17,7.0,10.0,1.0,13.0
Umraniyespor,Ankaragucu,1,2,17,17,2.5,3.5,2.55,18.0,14.0
Antalyaspor,Basaksehir,0,0,15,5,1.7,3.6,4.33,10.0,5.0
Adana Demirspor,Besiktas,1,4,18,14,2.63,3.6,2.25,4.0,3.0
Trabzonspor,Karagumruk,4,1,12,9,1.5,4.5,5.0,6.0,9.0
Sivasspor,Konyaspor,1,0,9,6,1.83,3.6,4.0,14.0,7.0
Karagumruk,Kayserispor,2,0,19,7,2.2,4.2,2.7,9.0,8.0
Istanbulspor AS,Adana Demirspor,0,2,20,25,2.25,4.33,2.25,15.0,4.0
Giresunspor,Trabzonspor,2,4,11,25,2.45,4.0,2.55,16.0,6.0
Fenerbahce,Antalyaspor,2,0,15,8,1.36,5.75,7.0,2.0,10.0
Ankaragucu,Galatasaray,1,4,14,18,4.5,4.33,1.62,13.0,1.0
Alanyaspor,Kasimpasa,1,3,14,18,2.15,3.75,3.1,14.0,12.0
Konyaspor,Karagumruk,1,1,21,18,1.67,4.5,4.2,7.0,9.0
Umraniyespor,Giresunspor,0,1,8,8,2.63,3.8,2.38,18.0,16.0
Trabzonspor,Alanyaspor,5,1,23,6,1.36,5.25,6.5,5.0,14.0
Kayserispor,Ankaragucu,0,1,8,5,3.25,3.6,2.0,8.0,13.0
Kasimpasa,Besiktas,2,5,15,16,3.8,4.2,1.7,10.0,3.0
Adana Demirspor,Basaksehir,2,3,25,15,1.5,4.5,5.25,4.0,6.0
Galatasaray,Fenerbahce,3,0,13,2,2.0,3.75,3.3,1.0,2.0
Sivasspor,Kayserispor,1,1,15,10,1.91,3.5,3.6,13.0,8.0
Karagumruk,Kasimpasa,3,0,11,14,2.4,3.8,2.45,9.0,10.0
Basaksehir,Trabzonspor,3,1,16,17,1.95,3.8,3.1,6.0,5.0
Istanbulspor AS,Umraniyespor,4,0,24,3,1.33,5.25,6.5,15.0,18.0
Giresunspor,Antalyaspor,2,0,5,18,2.1,3.6,3.0,16.0,12.0
Besiktas,Konyaspor,3,3,17,6,1.33,6.0,7.0,3.0,8.0
Ankaragucu,Adana Demirspor,1,2,16,11,2.25,4.0,2.45,11.0,4.0
