Home team name,Away team name,Home score,Away score,Home xG,Away xG,Home odds,Draw odds,Away odds,Home ranking,Away ranking
Besiktas,Rizespor,3,0,19.0,3.0,1.44,4.0,6.0,20.0,20.0
Karagumruk,Gaziantep,3,2,11.0,11.0,1.8,3.75,3.75,20.0,20.0
Hatayspor,Kasimpasa,1,1,10.0,11.0,2.4,3.6,2.5,20.0,20.0
Altay,Kayserispor,3,0,15.0,8.0,1.7,4.0,4.75,20.0,20.0
Basaksehir,Alanyaspor,0,1,17.0,8.0,2.0,3.4,3.5,20.0,20.0
Antalyaspor,Goztepe,1,1,4.0,12.0,2.15,3.4,3.2,20.0,20.0
Adana Demirspor,Fenerbahce,0,1,20.0,14.0,2.4,3.5,2.7,20.0,20.0
Yeni Malatyaspor,Trabzonspor,1,5,16.0,14.0,3.6,3.6,1.95,20.0,20.0
Sivasspor,Konyaspor,0,1,14.0,14.0,2.0,3.2,4.0,20.0,20.0
Giresunspor,Galatasaray,0,2,7.0,10.0,4.33,3.8,1.75,20.0,20.0
Kayserispor,Adana Demirspor,1,1,12.0,12.0,3.4,3.4,2.15,19.0,15.0
Rizespor,Karagumruk,0,0,7.0,10.0,2.87,3.4,2.3,19.0,5.0
Kasimpasa,Giresunspor,2,0,9.0,15.0,2.15,3.4,3.1,10.0,19.0
Gaziantep,Besiktas,0,0,10.0,7.0,4.75,4.2,1.61,16.0,4.0
Alanyaspor,Altay,1,4,10.0,23.0,2.05,3.2,3.75,7.0,5.0
Konyaspor,Basaksehir,2,1,15.0,13.0,2.5,3.0,3.0,8.0,17.0
Goztepe,Yeni Malatyaspor,0,1,10.0,11.0,1.75,3.75,4.5,12.0,19.0
Fenerbahce,Antalyaspor,2,0,21.0,11.0,1.65,4.0,5.0,8.0,12.0
Trabzonspor,Sivasspor,2,1,14.0,17.0,1.6,3.8,5.75,7.0,18.0
Galatasaray,Hatayspor,2,1,14.0,6.0,1.4,4.33,6.5,8.0,11.0
Antalyaspor,Rizespor,3,2,11.0,12.0,1.95,3.6,3.6,15.0,16.0
Adana Demirspor,Konyaspor,1,1,14.0,9.0,2.05,3.4,3.5,15.0,5.0
Yeni Malatyaspor,Gaziantep,2,0,9.0,20.0,2.45,3.1,2.87,11.0,13.0
Basaksehir,Kayserispor,0,1,14.0,5.0,1.55,3.8,6.0,18.0,16.0
Hatayspor,Alanyaspor,5,0,16.0,8.0,2.2,3.6,3.0,14.0,12.0
Besiktas,Karagumruk,1,0,18.0,10.0,1.5,4.5,6.0,8.0,10.0
Sivasspor,Goztepe,2,2,11.0,8.0,2.05,3.5,3.6,18.0,15.0
Kasimpasa,Galatasaray,2,2,17.0,13.0,4.33,3.8,1.75,9.0,6.0
Altay,Fenerbahce,0,2,9.0,9.0,2.8,3.4,2.4,5.0,6.0
Konyaspor,Altay,3,1,14.0,15.0,2.37,3.2,2.8,5.0,6.0
Karagumruk,Adana Demirspor,4,0,16.0,11.0,2.5,3.4,2.62,10.0,15.0
Kayserispor,Kasimpasa,2,0,8.0,6.0,2.37,3.3,2.87,12.0,9.0
Besiktas,Yeni Malatyaspor,3,0,16.0,7.0,1.28,5.25,11.0,4.0,9.0
Rizespor,Hatayspor,0,2,5.0,20.0,2.37,3.3,2.62,18.0,11.0
Fenerbahce,Sivasspor,1,1,13.0,7.0,1.5,4.33,6.0,4.0,16.0
Trabzonspor,Galatasaray,2,2,19.0,15.0,2.2,3.4,3.1,4.0,7.0
Goztepe,Basaksehir,2,1,10.0,22.0,2.4,3.2,2.87,14.0,19.0
Gaziantep,Antalyaspor,2,0,10.0,15.0,2.3,3.4,3.0,17.0,13.0
Alanyaspor,Giresunspor,1,0,9.0,15.0,1.9,3.5,4.0,15.0,20.0
Yeni Malatyaspor,Karagumruk,3,4,8.0,12.0,2.6,3.4,2.6,10.0,7.0
Altay,Goztepe,2,1,19.0,10.0,2.37,3.3,3.0,9.0,13.0
Sivasspor,Gaziantep,1,1,8.0,15.0,2.0,3.25,3.8,16.0,14.0
Kasimpasa,Trabzonspor,0,1,15.0,12.0,4.75,4.0,1.66,12.0,2.0
Antalyaspor,Besiktas,2,3,11.0,19.0,3.1,3.4,2.25,15.0,2.0
Adana Demirspor,Rizespor,3,1,23.0,9.0,1.6,4.0,5.25,17.0,18.0
Giresunspor,Konyaspor,0,0,16.0,9.0,2.62,3.1,2.8,20.0,5.0
Galatasaray,Alanyaspor,0,1,17.0,11.0,1.45,4.5,6.5,7.0,11.0
Hatayspor,Kayserispor,2,1,21.0,6.0,1.7,4.0,4.5,9.0,10.0
Basaksehir,Fenerbahce,2,0,6.0,14.0,3.2,3.4,2.2,20.0,6.0
Rizespor,Altay,1,2,16.0,11.0,3.4,3.4,2.1,20.0,7.0
Karagumruk,Antalyaspor,0,0,16.0,12.0,1.8,3.6,4.33,6.0,16.0
Yeni Malatyaspor,Sivasspor,0,1,9.0,11.0,2.75,3.3,2.5,11.0,18.0
Besiktas,Adana Demirspor,3,3,13.0,12.0,1.36,5.0,7.0,1.0,16.0
Gaziantep,Basaksehir,1,0,9.0,15.0,2.62,3.4,2.5,14.0,18.0
Kayserispor,Galatasaray,3,0,11.0,19.0,4.0,3.5,1.8,11.0,9.0
Goztepe,Hatayspor,0,2,13.0,17.0,2.3,3.5,2.9,16.0,6.0
Konyaspor,Trabzonspor,2,2,31.0,14.0,3.1,3.3,2.3,6.0,3.0
Fenerbahce,Giresunspor,2,1,7.0,8.0,1.36,4.75,8.5,7.0,19.0
Alanyaspor,Kasimpasa,2,0,14.0,10.0,1.8,3.5,4.5,9.0,15.0
Altay,Besiktas,2,1,10.0,12.0,2.55,3.4,2.62,5.0,1.0
Sivasspor,Karagumruk,4,0,17.0,12.0,1.95,3.5,3.6,12.0,8.0
Antalyaspor,Yeni Malatyaspor,1,0,17.0,9.0,1.85,3.6,4.0,17.0,14.0
Adana Demirspor,Gaziantep,4,0,6.0,8.0,1.8,3.4,4.5,14.0,11.0
Giresunspor,Kayserispor,1,1,21.0,6.0,2.05,3.2,3.6,19.0,9.0
Hatayspor,Fenerbahce,1,2,9.0,15.0,3.0,3.4,2.3,4.0,5.0
Basaksehir,Rizespor,3,0,15.0,14.0,1.57,3.8,5.75,18.0,20.0
Galatasaray,Goztepe,2,1,14.0,6.0,1.53,4.5,5.25,12.0,18.0
Trabzonspor,Alanyaspor,1,1,19.0,19.0,1.72,3.75,4.5,4.0,7.0
Kasimpasa,Konyaspor,2,2,18.0,9.0,2.5,3.2,2.5,17.0,7.0
Karagumruk,Basaksehir,3,1,8.0,18.0,2.55,3.5,2.6,9.0,15.0
Antalyaspor,Adana Demirspor,1,2,13.0,11.0,2.5,3.4,2.7,13.0,12.0
Konyaspor,Alanyaspor,1,1,17.0,10.0,2.37,3.2,3.1,7.0,8.0
Kayserispor,Trabzonspor,1,2,18.0,16.0,3.6,3.5,2.0,10.0,2.0
Goztepe,Giresunspor,0,1,14.0,8.0,2.37,3.3,3.0,18.0,19.0
Besiktas,Sivasspor,2,1,10.0,8.0,2.05,3.4,3.5,4.0,12.0
Yeni Malatyaspor,Hatayspor,0,2,15.0,15.0,3.1,3.3,2.3,17.0,8.0
Gaziantep,Altay,4,1,16.0,13.0,2.6,3.25,2.7,13.0,5.0
Fenerbahce,Kasimpasa,2,1,10.0,8.0,1.6,4.2,5.25,4.0,16.0
Rizespor,Galatasaray,2,3,11.0,21.0,5.25,4.0,1.6,20.0,11.0
Basaksehir,Besiktas,3,2,11.0,18.0,2.62,3.4,2.55,15.0,3.0
Giresunspor,Rizespor,2,0,16.0,5.0,1.7,3.5,4.75,19.0,20.0
Sivasspor,Antalyaspor,2,2,9.0,9.0,1.8,3.5,4.5,13.0,15.0
Adana Demirspor,Yeni Malatyaspor,0,2,25.0,9.0,1.5,4.2,5.75,10.0,18.0
Kasimpasa,Goztepe,1,2,13.0,13.0,1.85,3.75,3.8,18.0,19.0
Galatasaray,Konyaspor,1,0,11.0,16.0,1.53,4.2,5.75,8.0,6.0
Altay,Karagumruk,0,1,18.0,4.0,2.05,3.25,3.5,6.0,7.0
Trabzonspor,Fenerbahce,3,1,20.0,5.0,2.37,3.2,2.9,2.0,1.0
Hatayspor,Gaziantep,2,1,15.0,7.0,1.83,3.8,3.9,6.0,12.0
Alanyaspor,Kayserispor,6,3,18.0,13.0,1.53,4.33,5.5,9.0,11.0
Yeni Malatyaspor,Altay,2,1,13.0,10.0,2.55,3.5,2.62,16.0,8.0
Rizespor,Kasimpasa,2,1,8.0,18.0,2.87,3.4,2.35,20.0,19.0
Konyaspor,Kayserispor,2,0,11.0,11.0,1.61,3.75,5.25,9.0,13.0
Gaziantep,Giresunspor,1,1,6.0,15.0,2.15,3.25,3.4,12.0,18.0
Goztepe,Trabzonspor,0,1,17.0,6.0,3.3,3.5,2.1,18.0,1.0
Karagumruk,Hatayspor,1,1,12.0,9.0,2.1,3.6,3.2,6.0,2.0
Sivasspor,Adana Demirspor,1,1,5.0,12.0,2.0,3.5,3.6,14.0,10.0
Antalyaspor,Basaksehir,1,2,13.0,7.0,3.0,3.2,2.37,16.0,15.0
Fenerbahce,Alanyaspor,1,2,20.0,3.0,1.8,3.75,4.2,3.0,8.0
Besiktas,Galatasaray,2,1,10.0,13.0,2.05,3.6,3.2,6.0,8.0
Trabzonspor,Rizespor,2,1,12.0,13.0,1.44,4.6,6.5,1.0,20.0
Kasimpasa,Yeni Malatyaspor,2,0,15.0,5.0,1.9,3.6,3.8,19.0,13.0
Hatayspor,Besiktas,1,0,9.0,17.0,2.75,3.6,2.37,2.0,3.0
Altay,Sivasspor,1,1,13.0,12.0,2.2,3.3,3.2,9.0,14.0
Konyaspor,Fenerbahce,2,1,16.0,13.0,3.0,3.4,2.25,7.0,5.0
Kayserispor,Karagumruk,2,1,17.0,10.0,2.87,3.59,2.44,15.0,7.0
Alanyaspor,Goztepe,2,2,19.0,11.0,1.81,3.87,4.47,5.0,19.0
Galatasaray,Gaziantep,2,0,11.0,9.0,1.52,4.55,6.29,8.0,14.0
Giresunspor,Antalyaspor,1,2,16.0,6.0,1.99,3.4,4.2,17.0,18.0
Basaksehir,Adana Demirspor,2,1,18.0,16.0,1.97,3.59,3.97,13.0,11.0
Rizespor,Alanyaspor,2,0,8.0,13.0,3.57,3.56,2.11,20.0,3.0
Gaziantep,Kasimpasa,2,0,13.0,11.0,2.33,3.53,3.1,14.0,17.0
Sivasspor,Giresunspor,0,0,7.0,13.0,2.02,3.4,4.03,14.0,18.0
Yeni Malatyaspor,Basaksehir,1,3,5.0,11.0,3.7,3.29,2.16,16.0,10.0
Antalyaspor,Altay,1,0,14.0,9.0,2.46,3.28,3.08,15.0,10.0
Besiktas,Trabzonspor,1,2,17.0,8.0,2.02,3.71,3.66,4.0,1.0
Goztepe,Konyaspor,0,2,16.0,20.0,2.34,3.44,3.15,18.0,5.0
Karagumruk,Galatasaray,1,1,5.0,20.0,3.88,3.5,2.03,8.0,6.0
Adana Demirspor,Hatayspor,1,0,18.0,12.0,2.37,3.3,3.2,15.0,2.0
Fenerbahce,Kayserispor,2,2,19.0,8.0,1.41,4.61,8.9,8.0,14.0
Hatayspor,Antalyaspor,3,1,11.0,12.0,1.95,3.5,3.8,2.0,14.0
Giresunspor,Yeni Malatyaspor,1,0,8.0,10.0,1.7,3.6,5.0,17.0,16.0
Basaksehir,Sivasspor,2,1,7.0,13.0,1.95,3.25,4.2,9.0,15.0
Alanyaspor,Besiktas,2,0,12.0,16.0,2.8,3.6,2.3,6.0,7.0
Kasimpasa,Karagumruk,1,3,19.0,14.0,2.37,3.4,2.75,18.0,9.0
Konyaspor,Rizespor,3,0,14.0,26.0,1.53,3.8,5.75,4.0,20.0
Altay,Adana Demirspor,1,3,17.0,15.0,2.37,3.5,2.8,11.0,10.0
Galatasaray,Fenerbahce,1,2,14.0,10.0,2.15,3.4,3.25,7.0,9.0
Trabzonspor,Gaziantep,3,0,11.0,25.0,1.65,3.75,5.25,1.0,12.0
Kayserispor,Goztepe,1,1,16.0,8.0,2.5,3.3,2.75,12.0,18.0
Basaksehir,Altay,0,0,20.0,6.0,1.6,4.0,5.25,7.0,11.0
Adana Demirspor,Kasimpasa,0,0,12.0,13.0,1.72,3.75,4.75,10.0,19.0
Antalyaspor,Alanyaspor,3,0,18.0,8.0,2.4,3.25,2.9,14.0,4.0
Rizespor,Kayserispor,1,0,9.0,12.0,2.25,3.4,3.1,20.0,13.0
Besiktas,Giresunspor,0,4,13.0,12.0,1.65,4.0,4.75,9.0,16.0
Gaziantep,Konyaspor,3,2,20.0,13.0,2.37,3.1,3.2,15.0,3.0
Sivasspor,Hatayspor,4,0,15.0,2.0,2.2,3.2,3.3,16.0,2.0
Karagumruk,Trabzonspor,0,2,17.0,9.0,3.3,3.75,2.0,6.0,1.0
Yeni Malatyaspor,Galatasaray,0,0,7.0,13.0,4.33,3.5,1.8,17.0,8.0
Goztepe,Fenerbahce,1,1,12.0,4.0,3.1,3.5,2.2,18.0,5.0
Kasimpasa,Besiktas,1,1,8.0,14.0,3.5,3.8,1.95,19.0,10.0
Alanyaspor,Sivasspor,0,1,9.0,10.0,2.6,3.1,2.87,5.0,14.0
Trabzonspor,Adana Demirspor,2,0,5.0,18.0,1.95,3.4,3.8,1.0,10.0
Galatasaray,Altay,2,2,24.0,13.0,1.44,4.75,6.5,8.0,14.0
Kayserispor,Antalyaspor,2,0,2.0,24.0,2.5,3.1,2.87,16.0,12.0
Hatayspor,Basaksehir,0,3,5.0,16.0,2.7,3.4,2.45,3.0,7.0
Giresunspor,Karagumruk,3,1,15.0,6.0,2.15,3.4,3.25,16.0,8.0
Fenerbahce,Rizespor,4,0,16.0,4.0,1.4,4.5,7.5,5.0,20.0
Konyaspor,Yeni Malatyaspor,0,0,17.0,8.0,1.66,3.5,5.25,3.0,17.0
Goztepe,Gaziantep,2,1,11.0,15.0,2.05,3.4,3.5,18.0,15.0
Altay,Hatayspor,1,2,5.0,12.0,2.3,3.75,2.87,14.0,4.0
Karagumruk,Konyaspor,1,4,9.0,11.0,2.2,3.6,2.8,8.0,3.0
Rizespor,Goztepe,3,1,15.0,14.0,2.75,3.5,2.4,20.0,17.0
Basaksehir,Kasimpasa,2,1,13.0,10.0,1.72,3.6,4.75,5.0,20.0
Antalyaspor,Trabzonspor,2,1,13.0,12.0,3.0,3.1,2.4,15.0,1.0
Adana Demirspor,Giresunspor,1,0,11.0,13.0,2.15,3.25,3.5,11.0,13.0
Yeni Malatyaspor,Alanyaspor,2,6,20.0,20.0,2.7,3.2,2.62,18.0,6.0
Besiktas,Kayserispor,4,2,21.0,6.0,1.4,4.75,7.0,10.0,14.0
Sivasspor,Galatasaray,1,0,12.0,6.0,2.7,3.0,2.7,12.0,8.0
Gaziantep,Fenerbahce,3,2,15.0,14.0,3.5,3.6,1.95,16.0,5.0
Giresunspor,Altay,3,1,11.0,15.0,1.75,3.8,4.2,14.0,16.0
Kasimpasa,Sivasspor,1,3,12.0,7.0,2.6,3.3,2.62,20.0,10.0
Trabzonspor,Hatayspor,2,0,17.0,6.0,1.7,3.8,4.5,1.0,3.0
Konyaspor,Antalyaspor,1,0,14.0,6.0,2.05,3.4,3.4,2.0,13.0
Galatasaray,Basaksehir,1,1,18.0,8.0,2.3,3.5,2.87,10.0,4.0
Alanyaspor,Adana Demirspor,1,3,10.0,11.0,2.3,3.5,2.87,6.0,10.0
Rizespor,Yeni Malatyaspor,1,0,14.0,8.0,2.3,3.3,3.1,19.0,18.0
Kayserispor,Gaziantep,0,0,9.0,10.0,2.25,3.3,3.2,15.0,13.0
Goztepe,Karagumruk,0,1,12.0,17.0,2.0,3.5,3.6,18.0,12.0
Fenerbahce,Besiktas,2,2,11.0,14.0,2.3,3.5,2.87,5.0,10.0
Basaksehir,Giresunspor,3,1,20.0,6.0,1.9,3.1,4.0,3.0,12.0
Antalyaspor,Kasimpasa,1,1,9.0,11.0,1.85,3.5,4.0,14.0,20.0
Altay,Trabzonspor,1,2,14.0,15.0,2.7,3.5,2.25,16.0,1.0
Adana Demirspor,Galatasaray,2,0,10.0,15.0,2.4,3.25,2.62,7.0,11.0
Sivasspor,Rizespor,1,1,22.0,6.0,1.55,3.8,5.25,8.0,17.0
Hatayspor,Konyaspor,1,3,7.0,12.0,2.5,3.3,2.55,4.0,2.0
Karagumruk,Fenerbahce,1,1,2.0,29.0,3.3,3.5,2.0,10.0,6.0
Gaziantep,Alanyaspor,2,1,14.0,13.0,2.25,3.4,2.75,13.0,7.0
Yeni Malatyaspor,Kayserispor,2,2,12.0,8.0,2.25,3.1,3.0,19.0,15.0
Besiktas,Goztepe,2,1,8.0,13.0,1.5,4.5,6.0,10.0,19.0
Kasimpasa,Altay,2,0,21.0,8.0,2.15,3.4,3.1,20.0,16.0
Giresunspor,Hatayspor,0,1,19.0,7.0,2.05,3.2,3.8,13.0,6.0
Galatasaray,Antalyaspor,2,0,17.0,13.0,1.66,3.6,5.0,12.0,14.0
Trabzonspor,Basaksehir,0,0,10.0,7.0,2.25,3.1,3.25,1.0,3.0
Rizespor,Gaziantep,0,1,9.0,12.0,2.7,3.2,2.6,17.0,12.0
Goztepe,Adana Demirspor,1,1,15.0,9.0,2.37,3.25,2.8,20.0,6.0
Alanyaspor,Karagumruk,1,1,17.0,13.0,1.95,3.3,3.6,10.0,12.0
Fenerbahce,Yeni Malatyaspor,2,0,17.0,8.0,1.36,4.75,7.5,6.0,20.0
Konyaspor,Besiktas,1,0,12.0,12.0,2.75,3.5,2.45,2.0,7.0
Kayserispor,Sivasspor,3,0,10.0,10.0,2.9,3.0,2.55,15.0,12.0
Trabzonspor,Yeni Malatyaspor,1,0,24.0,3.0,1.33,5.5,8.0,1.0,20.0
Gaziantep,Karagumruk,3,1,13.0,15.0,2.1,3.6,3.4,8.0,11.0
Kasimpasa,Hatayspor,3,1,15.0,13.0,1.85,4.0,3.8,18.0,5.0
Alanyaspor,Basaksehir,1,1,13.0,12.0,3.2,3.5,2.2,9.0,3.0
Galatasaray,Giresunspor,0,1,22.0,6.0,1.85,3.6,4.0,10.0,14.0
Konyaspor,Sivasspor,0,1,15.0,11.0,2.1,3.2,3.8,2.0,12.0
Kayserispor,Altay,1,0,10.0,8.0,2.1,3.75,3.3,14.0,17.0
Goztepe,Antalyaspor,4,0,6.0,15.0,2.2,3.3,3.3,19.0,15.0
Rizespor,Besiktas,2,2,10.0,22.0,3.1,3.25,2.3,19.0,10.0
Fenerbahce,Adana Demirspor,1,2,15.0,15.0,1.66,3.8,5.0,4.0,7.0
Yeni Malatyaspor,Goztepe,1,2,14.0,11.0,3.3,3.3,2.25,20.0,16.0
Besiktas,Gaziantep,1,0,16.0,7.0,1.57,4.33,5.0,9.0,7.0
Adana Demirspor,Kayserispor,1,1,12.0,16.0,1.8,3.75,4.33,4.0,11.0
Karagumruk,Rizespor,2,0,9.0,14.0,1.7,3.8,4.75,13.0,19.0
Antalyaspor,Fenerbahce,1,1,14.0,4.0,3.1,3.4,2.25,15.0,5.0
Altay,Alanyaspor,0,2,16.0,12.0,2.3,3.2,3.1,18.0,11.0
Giresunspor,Kasimpasa,0,2,11.0,14.0,2.15,3.1,3.6,14.0,17.0
Hatayspor,Galatasaray,4,2,16.0,13.0,3.5,3.3,2.15,7.0,13.0
Konyaspor,Adana Demirspor,1,0,20.0,15.0,2.2,3.4,3.2,2.0,5.0
Karagumruk,Besiktas,0,1,12.0,11.0,5.0,4.0,1.66,11.0,7.0
Goztepe,Sivasspor,2,1,10.0,20.0,2.0,3.1,3.6,17.0,10.0
Kayserispor,Basaksehir,1,0,3.0,14.0,3.25,3.25,2.25,12.0,5.0
Trabzonspor,Giresunspor,1,1,23.0,6.0,1.75,3.4,5.0,1.0,14.0
Fenerbahce,Altay,2,1,18.0,3.0,1.45,4.33,7.5,7.0,18.0
Rizespor,Antalyaspor,2,1,11.0,18.0,4.2,3.3,1.95,19.0,16.0
Alanyaspor,Hatayspor,6,0,20.0,2.0,2.2,3.4,3.1,8.0,5.0
Galatasaray,Kasimpasa,1,3,14.0,17.0,1.9,3.6,3.8,13.0,17.0
Yeni Malatyaspor,Besiktas,1,1,11.0,18.0,5.25,3.6,1.57,20.0,5.0
Sivasspor,Fenerbahce,1,1,18.0,9.0,2.75,2.9,2.8,11.0,3.0
Adana Demirspor,Karagumruk,5,0,17.0,8.0,1.72,3.75,4.75,8.0,12.0
Basaksehir,Goztepe,1,2,20.0,6.0,1.83,3.1,5.0,8.0,16.0
Kasimpasa,Kayserispor,3,1,16.0,10.0,1.85,3.25,4.0,16.0,10.0
Hatayspor,Rizespor,0,0,13.0,7.0,1.83,3.6,4.2,7.0,18.0
Giresunspor,Alanyaspor,1,3,15.0,12.0,2.5,3.2,2.7,16.0,7.0
Antalyaspor,Gaziantep,0,0,11.0,14.0,2.05,3.1,3.8,17.0,10.0
Altay,Konyaspor,0,1,8.0,13.0,2.7,3.1,2.45,19.0,2.0
Galatasaray,Trabzonspor,1,2,16.0,19.0,2.3,3.2,2.9,15.0,1.0
Konyaspor,Giresunspor,1,0,13.0,6.0,2.2,3.0,3.4,2.0,16.0
Kayserispor,Hatayspor,4,3,10.0,16.0,2.05,3.25,3.3,11.0,7.0
Gaziantep,Sivasspor,5,1,11.0,13.0,2.55,3.0,2.75,10.0,11.0
Trabzonspor,Kasimpasa,1,0,7.0,15.0,1.7,3.5,4.5,1.0,13.0
Karagumruk,Yeni Malatyaspor,1,0,15.0,13.0,1.7,3.5,5.25,12.0,20.0
Fenerbahce,Basaksehir,0,1,12.0,14.0,2.25,3.1,3.2,5.0,9.0
Rizespor,Adana Demirspor,1,3,19.0,15.0,3.4,3.4,2.0,18.0,4.0
Alanyaspor,Galatasaray,1,1,14.0,7.0,2.5,3.4,2.62,4.0,15.0
Goztepe,Altay,0,2,22.0,5.0,1.66,3.75,4.75,15.0,19.0
Besiktas,Antalyaspor,0,0,17.0,5.0,1.8,3.4,4.2,7.0,17.0
Altay,Rizespor,0,0,12.0,10.0,2.05,3.25,3.5,19.0,18.0
Giresunspor,Fenerbahce,1,2,13.0,18.0,2.75,3.0,2.5,16.0,6.0
Basaksehir,Gaziantep,2,0,10.0,21.0,1.7,3.6,4.5,6.0,9.0
Galatasaray,Kayserispor,1,1,26.0,5.0,1.53,4.0,5.75,13.0,10.0
Sivasspor,Yeni Malatyaspor,2,1,14.0,14.0,1.6,3.6,6.0,12.0,20.0
Antalyaspor,Karagumruk,3,0,15.0,9.0,2.2,3.2,3.25,17.0,12.0
Trabzonspor,Konyaspor,2,1,15.0,11.0,1.8,3.4,4.2,1.0,2.0
Kasimpasa,Alanyaspor,2,2,22.0,10.0,1.9,3.6,3.5,15.0,6.0
Hatayspor,Goztepe,2,1,15.0,7.0,2.1,3.4,3.2,8.0,16.0
Adana Demirspor,Besiktas,1,1,17.0,12.0,2.37,3.5,2.62,3.0,8.0
Rizespor,Basaksehir,0,2,17.0,7.0,4.2,3.4,1.7,18.0,4.0
Konyaspor,Kasimpasa,4,4,14.0,10.0,1.95,3.4,3.4,2.0,14.0
Yeni Malatyaspor,Antalyaspor,1,2,15.0,11.0,3.3,3.25,2.05,20.0,15.0
Kayserispor,Giresunspor,2,1,14.0,12.0,2.25,3.1,3.1,10.0,17.0
Besiktas,Altay,1,0,18.0,9.0,1.5,4.2,5.75,8.0,19.0
Gaziantep,Adana Demirspor,0,3,9.0,18.0,2.55,3.4,2.7,10.0,4.0
Karagumruk,Sivasspor,1,0,13.0,9.0,2.55,3.1,2.55,12.0,11.0
Alanyaspor,Trabzonspor,0,4,17.0,18.0,2.5,3.1,2.55,6.0,1.0
Fenerbahce,Hatayspor,2,0,15.0,11.0,1.8,3.5,3.75,6.0,8.0
Goztepe,Galatasaray,2,3,13.0,10.0,2.6,3.25,2.5,16.0,15.0
Basaksehir,Konyaspor,2,1,13.0,12.0,1.8,3.4,4.0,4.0,2.0
Trabzonspor,Kayserispor,3,2,22.0,17.0,1.5,4.33,7.0,1.0,9.0
Adana Demirspor,Antalyaspor,0,0,14.0,10.0,1.85,3.3,4.0,4.0,14.0
Basaksehir,Karagumruk,1,2,13.0,5.0,1.65,4.0,5.0,3.0,10.0
Sivasspor,Besiktas,2,3,20.0,17.0,2.62,3.1,2.62,12.0,6.0
Giresunspor,Goztepe,3,1,16.0,9.0,2.3,3.1,2.9,17.0,16.0
Altay,Gaziantep,3,2,9.0,12.0,2.7,3.0,2.62,19.0,11.0
Hatayspor,Yeni Malatyaspor,5,2,13.0,14.0,1.6,3.75,5.0,8.0,20.0
Alanyaspor,Konyaspor,5,1,17.0,14.0,2.15,3.3,3.1,8.0,2.0
Galatasaray,Rizespor,4,2,18.0,7.0,1.44,4.33,6.5,13.0,19.0
Kasimpasa,Fenerbahce,1,2,16.0,9.0,2.45,3.3,2.45,15.0,6.0
Yeni Malatyaspor,Adana Demirspor,1,0,15.0,20.0,4.75,3.6,1.66,20.0,5.0
Rizespor,Giresunspor,1,2,5.0,15.0,2.7,3.3,2.45,19.0,16.0
Goztepe,Kasimpasa,2,3,8.0,14.0,2.3,3.5,2.75,17.0,16.0
Konyaspor,Galatasaray,2,0,12.0,11.0,2.45,3.2,2.8,2.0,11.0
Karagumruk,Altay,0,0,17.0,6.0,2.15,3.3,3.4,9.0,18.0
Fenerbahce,Trabzonspor,1,1,11.0,17.0,2.2,3.3,3.0,4.0,1.0
Antalyaspor,Sivasspor,1,0,6.0,11.0,2.1,3.2,3.6,16.0,13.0
Kayserispor,Alanyaspor,1,2,3.0,15.0,2.25,3.2,3.2,10.0,7.0
Gaziantep,Hatayspor,2,2,19.0,7.0,2.1,3.5,3.1,11.0,8.0
Besiktas,Basaksehir,2,2,16.0,4.0,2.37,3.3,3.0,7.0,4.0
Hatayspor,Karagumruk,3,0,13.0,10.0,2.05,3.3,3.6,8.0,9.0
Kasimpasa,Rizespor,3,1,22.0,9.0,1.5,4.33,5.75,15.0,19.0
Altay,Yeni Malatyaspor,1,0,8.0,6.0,1.83,3.4,4.2,18.0,20.0
Trabzonspor,Goztepe,4,2,16.0,15.0,1.65,3.75,4.2,1.0,18.0
Kayserispor,Konyaspor,2,3,14.0,18.0,3.2,3.3,2.25,10.0,2.0
Adana Demirspor,Sivasspor,2,3,11.0,9.0,1.9,3.5,4.0,7.0,15.0
Alanyaspor,Fenerbahce,2,5,14.0,18.0,2.8,3.25,2.5,5.0,4.0
Basaksehir,Antalyaspor,0,1,15.0,6.0,2.05,3.0,4.0,4.0,15.0
Giresunspor,Gaziantep,2,1,13.0,10.0,2.25,3.1,3.3,16.0,13.0
Galatasaray,Besiktas,2,1,19.0,10.0,2.2,3.4,3.1,16.0,8.0
Rizespor,Trabzonspor,3,2,12.0,10.0,4.2,4.0,1.72,19.0,1.0
Karagumruk,Kayserispor,3,0,15.0,15.0,1.95,3.6,3.75,9.0,10.0
Yeni Malatyaspor,Kasimpasa,0,2,8.0,14.0,3.8,3.75,1.83,20.0,15.0
Goztepe,Alanyaspor,0,2,7.0,12.0,2.4,3.5,2.7,18.0,5.0
Adana Demirspor,Basaksehir,2,1,15.0,11.0,2.15,3.3,3.2,7.0,5.0
Besiktas,Hatayspor,1,1,22.0,10.0,1.57,4.2,5.0,8.0,7.0
Sivasspor,Altay,2,1,12.0,10.0,1.8,3.3,4.75,14.0,17.0
Antalyaspor,Giresunspor,4,1,13.0,14.0,2.0,3.2,3.8,14.0,16.0
Gaziantep,Galatasaray,3,1,19.0,13.0,2.55,3.3,2.55,15.0,13.0
Fenerbahce,Konyaspor,2,1,26.0,7.0,1.57,4.0,5.0,3.0,2.0
Giresunspor,Sivasspor,2,2,18.0,12.0,2.25,3.1,2.9,16.0,11.0
Kayserispor,Fenerbahce,0,4,7.0,17.0,3.5,3.5,1.85,14.0,3.0
Altay,Antalyaspor,1,2,13.0,12.0,2.7,3.0,2.4,17.0,11.0
Galatasaray,Karagumruk,2,0,10.0,11.0,1.6,3.6,4.75,14.0,10.0
Kasimpasa,Gaziantep,2,1,17.0,6.0,1.85,3.5,3.5,14.0,13.0
Konyaspor,Goztepe,3,0,17.0,7.0,1.7,3.75,4.0,3.0,18.0
Alanyaspor,Rizespor,2,1,12.0,12.0,1.53,3.75,5.25,4.0,19.0
Trabzonspor,Besiktas,1,1,8.0,15.0,1.95,3.25,3.4,1.0,8.0
Hatayspor,Adana Demirspor,0,0,10.0,17.0,3.1,3.25,2.05,8.0,5.0
Basaksehir,Yeni Malatyaspor,1,0,28.0,7.0,1.25,5.0,8.5,7.0,20.0
Karagumruk,Kasimpasa,3,2,10.0,16.0,2.8,3.5,2.25,10.0,11.0
Rizespor,Konyaspor,2,1,11.0,9.0,3.2,3.4,2.05,19.0,2.0
Goztepe,Kayserispor,1,2,19.0,8.0,1.9,3.75,3.4,19.0,15.0
Gaziantep,Trabzonspor,0,0,17.0,19.0,3.0,3.4,2.15,15.0,1.0
Besiktas,Alanyaspor,4,1,11.0,4.0,1.66,3.8,4.5,8.0,4.0
Yeni Malatyaspor,Giresunspor,0,1,10.0,12.0,4.33,3.6,1.7,20.0,16.0
Sivasspor,Basaksehir,0,2,19.0,14.0,2.5,3.25,2.62,12.0,5.0
Adana Demirspor,Altay,3,1,18.0,13.0,1.36,4.75,6.5,7.0,17.0
Fenerbahce,Galatasaray,2,0,8.0,6.0,2.1,3.25,3.25,3.0,13.0
Antalyaspor,Hatayspor,4,1,14.0,6.0,1.9,3.5,3.5,10.0,8.0
Trabzonspor,Karagumruk,1,1,30.0,11.0,1.45,4.2,6.5,1.0,10.0
Kayserispor,Rizespor,1,1,14.0,9.0,1.95,3.4,3.75,14.0,18.0
Hatayspor,Sivasspor,1,1,7.0,8.0,2.0,3.4,3.4,8.0,13.0
Altay,Basaksehir,1,1,11.0,18.0,5.0,3.5,1.66,18.0,4.0
Alanyaspor,Antalyaspor,1,3,14.0,8.0,2.0,3.3,3.3,6.0,9.0
Fenerbahce,Goztepe,2,0,14.0,9.0,1.33,4.75,8.0,2.0,19.0
Konyaspor,Gaziantep,4,1,20.0,8.0,1.8,3.6,3.8,3.0,15.0
Kasimpasa,Adana Demirspor,4,0,22.0,9.0,2.62,3.3,2.55,13.0,5.0
Giresunspor,Besiktas,0,0,9.0,14.0,3.1,3.3,2.15,16.0,7.0
Galatasaray,Yeni Malatyaspor,2,0,19.0,15.0,1.16,7.0,13.0,14.0,20.0
Rizespor,Fenerbahce,0,6,9.0,20.0,5.5,3.75,1.57,18.0,2.0
Karagumruk,Giresunspor,2,1,7.0,8.0,2.2,3.4,3.0,10.0,15.0
Gaziantep,Goztepe,1,1,16.0,13.0,1.7,3.8,4.5,16.0,19.0
Adana Demirspor,Trabzonspor,1,3,14.0,11.0,2.15,3.5,3.1,5.0,1.0
Yeni Malatyaspor,Konyaspor,2,3,11.0,13.0,5.25,4.33,1.53,20.0,3.0
Basaksehir,Hatayspor,3,0,21.0,3.0,1.6,3.75,5.5,4.0,10.0
Antalyaspor,Kayserispor,1,1,7.0,12.0,1.6,3.8,5.25,8.0,14.0
Altay,Galatasaray,0,1,14.0,7.0,4.0,3.4,1.9,17.0,12.0
Sivasspor,Alanyaspor,1,0,4.0,13.0,2.15,3.4,3.2,14.0,6.0
Besiktas,Kasimpasa,0,3,15.0,9.0,1.8,4.0,4.0,7.0,13.0
Giresunspor,Adana Demirspor,2,0,14.0,9.0,2.5,3.4,2.45,16.0,5.0
Fenerbahce,Gaziantep,3,2,14.0,8.0,1.33,5.25,7.5,2.0,16.0
Konyaspor,Karagumruk,1,2,15.0,11.0,1.57,3.8,5.0,3.0,9.0
Kasimpasa,Basaksehir,2,3,13.0,16.0,2.9,3.25,2.3,11.0,4.0
Trabzonspor,Antalyaspor,2,2,9.0,12.0,1.66,3.6,4.5,1.0,9.0
Hatayspor,Altay,0,1,10.0,7.0,1.57,3.8,5.0,10.0,17.0
Kayserispor,Besiktas,2,3,13.0,17.0,3.0,3.6,2.05,15.0,9.0
Alanyaspor,Yeni Malatyaspor,2,1,40.0,4.0,1.1,9.0,17.0,9.0,20.0
Goztepe,Rizespor,1,7,19.0,13.0,2.05,3.75,3.1,19.0,18.0
Galatasaray,Sivasspor,2,3,10.0,14.0,1.8,3.4,4.2,12.0,13.0
Hatayspor,Trabzonspor,1,1,10.0,15.0,2.4,3.5,2.5,10.0,1.0
Gaziantep,Kayserispor,1,1,12.0,8.0,1.65,3.8,4.2,16.0,15.0
Sivasspor,Kasimpasa,1,3,14.0,10.0,2.7,3.4,2.25,11.0,12.0
Karagumruk,Goztepe,3,1,19.0,5.0,1.45,3.8,5.75,7.0,19.0
Basaksehir,Galatasaray,0,0,21.0,11.0,1.8,3.6,3.75,4.0,13.0
Adana Demirspor,Alanyaspor,1,2,14.0,11.0,1.95,3.6,3.0,8.0,6.0
Yeni Malatyaspor,Rizespor,1,3,13.0,12.0,3.2,3.25,2.0,20.0,18.0
Altay,Giresunspor,1,1,17.0,8.0,2.75,3.1,2.3,18.0,15.0
Besiktas,Fenerbahce,1,1,9.0,8.0,2.1,3.4,2.8,7.0,2.0
Antalyaspor,Konyaspor,3,2,16.0,15.0,2.4,3.4,2.8,9.0,3.0
Kayserispor,Yeni Malatyaspor,3,0,11.0,12.0,1.44,4.75,6.0,15.0,20.0
Trabzonspor,Altay,2,1,16.0,5.0,1.55,4.33,5.25,1.0,18.0
Goztepe,Besiktas,0,2,18.0,8.0,5.25,4.75,1.5,19.0,7.0
Konyaspor,Hatayspor,3,1,22.0,7.0,1.45,4.75,5.75,3.0,11.0
Kasimpasa,Antalyaspor,2,4,16.0,20.0,2.4,3.6,2.6,10.0,8.0
Giresunspor,Basaksehir,1,1,9.0,8.0,5.0,3.8,1.65,15.0,4.0
Fenerbahce,Karagumruk,0,0,16.0,12.0,1.66,4.2,4.0,2.0,8.0
Alanyaspor,Gaziantep,3,0,20.0,11.0,1.4,4.75,7.5,7.0,16.0
Rizespor,Sivasspor,1,2,9.0,14.0,3.1,3.4,2.2,17.0,12.0
Galatasaray,Adana Demirspor,3,2,20.0,10.0,1.9,3.8,3.5,13.0,9.0
Gaziantep,Rizespor,2,0,21.0,11.0,1.75,4.0,4.2,16.0,17.0
Antalyaspor,Galatasaray,1,1,14.0,13.0,2.1,3.5,3.5,7.0,11.0
Sivasspor,Kayserispor,2,1,9.0,5.0,2.25,3.3,3.1,11.0,14.0
Altay,Kasimpasa,2,4,12.0,12.0,3.4,4.33,1.85,18.0,12.0
Yeni Malatyaspor,Fenerbahce,0,5,7.0,29.0,8.0,6.5,1.28,20.0,2.0
Besiktas,Konyaspor,1,1,21.0,12.0,1.9,3.8,3.6,7.0,3.0
Karagumruk,Alanyaspor,0,1,17.0,18.0,3.0,3.6,2.15,8.0,5.0
Basaksehir,Trabzonspor,3,1,12.0,14.0,1.5,4.33,6.5,5.0,1.0
Hatayspor,Giresunspor,4,1,18.0,6.0,1.66,3.8,4.75,13.0,15.0
Adana Demirspor,Goztepe,7,0,23.0,6.0,1.45,4.75,5.75,12.0,19.0
