Home team name,Away team name,Home score,Away score,Home xG,Away xG,Home odds,Draw odds,Away odds,Home ranking,Away ranking
Trabzonspor,Antalyaspor,1,0,13,11,1.85,3.5,3.6,20.0,20.0
Konyaspor,Istanbulspor AS,1,1,15,4,1.8,3.75,4.0,20.0,20.0
Kasimpasa,Ankaragucu,3,2,15,9,2.6,3.3,2.55,20.0,20.0
Pendikspor,Hatayspor,1,5,6,15,2.15,3.5,3.0,20.0,20.0
Kayserispor,Galatasaray,0,0,12,17,5.5,4.33,1.55,20.0,20.0
Sivasspor,Samsunspor,1,1,6,11,2.38,3.4,2.75,20.0,20.0
Fenerbahce,Gaziantep,2,1,21,4,1.25,5.75,9.0,20.0,20.0
Adana Demirspor,Rizespor,2,1,9,13,1.55,4.2,4.75,20.0,20.0
Karagumruk,Besiktas,0,1,4,13,5.25,4.2,1.55,20.0,20.0
Alanyaspor,Basaksehir,2,0,14,9,2.8,3.4,2.4,20.0,20.0
Istanbulspor AS,Kayserispor,1,1,7,9,2.38,3.4,2.8,9.0,10.0
Antalyaspor,Konyaspor,1,1,18,7,2.0,3.4,3.4,14.0,10.0
Rizespor,Alanyaspor,0,0,12,9,1.95,3.5,3.3,17.0,2.0
Hatayspor,Kasimpasa,0,0,8,11,2.5,3.4,2.6,2.0,4.0
Galatasaray,Trabzonspor,2,0,15,5,1.73,3.6,4.5,11.0,4.0
Basaksehir,Karagumruk,0,2,15,9,1.85,3.4,4.2,19.0,18.0
Gaziantep,Sivasspor,1,3,11,12,2.7,3.3,2.45,18.0,13.0
Besiktas,Pendikspor,1,1,15,11,1.25,5.5,10.0,9.0,19.0
Samsunspor,Fenerbahce,0,2,5,13,4.2,3.75,1.75,14.0,7.0
Ankaragucu,Adana Demirspor,1,1,18,12,2.8,3.4,2.4,18.0,8.0
Konyaspor,Gaziantep,2,0,17,8,1.8,3.8,3.6,11.0,19.0
Trabzonspor,Rizespor,2,3,20,12,1.67,3.5,4.5,11.0,16.0
Kasimpasa,Pendikspor,1,1,7,16,2.0,3.4,3.4,7.0,18.0
Sivasspor,Antalyaspor,1,1,6,8,2.4,3.25,2.7,6.0,16.0
Kayserispor,Samsunspor,2,1,11,6,2.5,3.3,2.55,14.0,18.0
Karagumruk,Ankaragucu,1,1,6,7,2.25,3.4,2.75,12.0,17.0
Alanyaspor,Hatayspor,0,0,15,5,2.05,3.3,3.25,8.0,6.0
Rizespor,Karagumruk,1,0,13,17,2.05,3.4,3.25,12.0,10.0
Kasimpasa,Trabzonspor,1,5,19,7,2.7,3.5,2.38,7.0,13.0
Pendikspor,Alanyaspor,1,1,10,8,2.55,3.4,2.45,17.0,7.0
Basaksehir,Konyaspor,0,1,11,13,2.15,3.4,3.0,19.0,6.0
Gaziantep,Galatasaray,0,3,15,15,5.25,4.5,1.45,19.0,10.0
Antalyaspor,Kayserispor,1,1,20,7,1.8,3.8,3.6,16.0,9.0
Besiktas,Sivasspor,2,0,17,5,1.33,5.0,6.5,12.0,9.0
Hatayspor,Adana Demirspor,3,3,14,11,3.0,4.0,2.0,9.0,12.0
Ankaragucu,Fenerbahce,0,1,14,14,4.33,3.8,1.7,17.0,6.0
Konyaspor,Rizespor,1,2,6,11,1.95,3.4,3.6,2.0,5.0
Kayserispor,Gaziantep,2,0,10,16,2.15,3.4,3.0,9.0,20.0
Galatasaray,Samsunspor,4,2,9,9,1.36,4.75,7.0,5.0,18.0
Adana Demirspor,Pendikspor,3,0,18,15,1.57,4.0,5.25,10.0,15.0
Istanbulspor AS,Basaksehir,0,2,5,20,3.4,3.25,2.1,16.0,19.0
Fenerbahce,Antalyaspor,3,2,17,14,1.4,4.33,7.5,3.0,14.0
Trabzonspor,Besiktas,3,0,8,7,3.1,3.4,2.1,9.0,7.0
Alanyaspor,Kasimpasa,3,3,13,17,1.85,3.4,4.0,10.0,12.0
Sivasspor,Ankaragucu,1,3,15,15,2.15,3.4,3.1,12.0,18.0
Karagumruk,Hatayspor,0,0,5,18,1.91,3.4,3.8,14.0,10.0
Gaziantep,Istanbulspor AS,2,0,13,5,1.83,3.6,4.2,20.0,18.0
Rizespor,Sivasspor,1,1,14,14,1.95,3.5,3.8,3.0,14.0
Pendikspor,Karagumruk,1,1,8,10,2.38,3.2,3.1,17.0,14.0
Basaksehir,Galatasaray,1,2,6,17,4.2,3.5,1.85,17.0,3.0
Antalyaspor,Samsunspor,2,0,7,9,2.1,3.3,3.5,16.0,20.0
Besiktas,Kayserispor,2,1,23,5,1.33,5.0,8.5,10.0,5.0
Ankaragucu,Konyaspor,1,1,15,7,2.4,3.2,3.0,15.0,8.0
Kasimpasa,Adana Demirspor,2,1,13,19,3.5,3.6,1.95,15.0,8.0
Alanyaspor,Fenerbahce,0,1,2,14,5.75,3.8,1.55,11.0,2.0
Hatayspor,Trabzonspor,3,2,9,6,3.4,3.3,2.15,10.0,5.0
Istanbulspor AS,Galatasaray,0,1,4,17,11.0,5.75,1.25,19.0,2.0
Adana Demirspor,Besiktas,4,2,14,16,3.2,3.75,2.05,10.0,5.0
Fenerbahce,Basaksehir,4,0,16,6,1.33,5.0,9.0,2.0,17.0
Samsunspor,Gaziantep,1,2,18,4,1.8,3.8,4.0,20.0,17.0
Sivasspor,Hatayspor,0,0,12,4,2.1,3.5,3.2,15.0,5.0
Trabzonspor,Pendikspor,2,1,11,9,1.53,4.2,5.75,7.0,17.0
Istanbulspor AS,Antalyaspor,1,2,4,17,4.0,3.6,1.85,19.0,13.0
Galatasaray,Ankaragucu,2,1,34,7,1.22,6.5,11.0,2.0,14.0
Karagumruk,Kasimpasa,2,3,14,4,2.25,3.3,3.1,14.0,11.0
Fenerbahce,Rizespor,5,0,23,5,1.25,6.0,10.0,2.0,7.0
Konyaspor,Besiktas,0,2,5,6,3.1,3.3,2.25,9.0,8.0
Adana Demirspor,Alanyaspor,4,0,15,9,1.67,4.0,4.5,7.0,12.0
Kayserispor,Basaksehir,0,0,14,8,2.55,3.25,2.75,9.0,18.0
Alanyaspor,Karagumruk,2,1,6,10,2.3,3.0,3.1,13.0,15.0
Adana Demirspor,Trabzonspor,1,0,13,18,1.91,3.3,3.75,3.0,5.0
Pendikspor,Sivasspor,2,3,15,15,2.45,3.25,2.7,17.0,13.0
Basaksehir,Gaziantep,2,0,8,12,2.05,3.1,3.5,17.0,16.0
Rizespor,Samsunspor,1,0,8,12,2.63,3.0,2.6,8.0,20.0
Besiktas,Istanbulspor AS,2,0,17,4,1.2,6.5,9.0,5.0,19.0
Kasimpasa,Fenerbahce,0,2,6,20,6.5,4.33,1.4,7.0,2.0
Hatayspor,Konyaspor,3,1,10,8,2.38,3.3,2.8,8.0,13.0
Kayserispor,Rizespor,3,1,20,12,2.1,3.4,3.2,9.0,6.0
Konyaspor,Pendikspor,1,2,16,8,1.91,3.4,3.75,14.0,18.0
Gaziantep,Antalyaspor,1,0,10,8,2.45,3.25,2.7,18.0,13.0
Galatasaray,Besiktas,2,1,25,2,1.6,4.0,4.75,2.0,4.0
Istanbulspor AS,Ankaragucu,2,1,7,9,3.25,3.5,2.05,19.0,12.0
Samsunspor,Basaksehir,0,0,20,7,2.15,3.3,3.25,20.0,16.0
Fenerbahce,Hatayspor,4,2,17,8,1.14,7.5,12.0,2.0,6.0
Trabzonspor,Alanyaspor,1,0,14,15,1.67,3.8,4.5,9.0,11.0
Karagumruk,Adana Demirspor,2,0,10,11,3.0,3.6,2.1,18.0,3.0
Kasimpasa,Istanbulspor AS,3,1,19,17,1.91,3.5,4.0,6.0,19.0
Hatayspor,Kayserispor,1,2,18,8,2.38,3.4,2.88,7.0,9.0
Alanyaspor,Sivasspor,1,2,12,15,2.15,3.4,3.25,11.0,10.0
Rizespor,Galatasaray,0,1,11,20,8.5,5.25,1.33,9.0,2.0
Adana Demirspor,Konyaspor,3,0,15,13,1.8,3.6,4.2,4.0,15.0
Karagumruk,Trabzonspor,0,0,6,12,3.0,3.4,2.38,13.0,7.0
Pendikspor,Fenerbahce,0,5,2,19,8.5,5.5,1.3,18.0,2.0
Antalyaspor,Basaksehir,1,0,11,8,2.05,3.4,3.6,14.0,17.0
Ankaragucu,Samsunspor,2,0,12,3,2.6,3.25,2.63,14.0,20.0
Besiktas,Gaziantep,2,0,1.81,1.14,1.55,4.33,5.5,7.0,16.0
Galatasaray,Kasimpasa,2,1,1.57,0.67,1.2,7.5,10.0,2.0,5.0
Istanbulspor AS,Pendikspor,2,4,2.02,3.68,2.63,3.25,2.63,19.0,18.0
Samsunspor,Hatayspor,2,1,2.15,0.97,1.95,3.5,3.8,20.0,8.0
Fenerbahce,Trabzonspor,2,3,2.40,0.51,1.36,4.75,8.5,2.0,6.0
Sivasspor,Adana Demirspor,1,1,2.53,0.59,2.38,3.4,2.9,10.0,3.0
Konyaspor,Karagumruk,1,1,0.64,1.02,2.0,3.4,3.75,16.0,13.0
Basaksehir,Ankaragucu,3,3,0.86,0.46,2.15,3.5,3.2,18.0,11.0
Antalyaspor,Besiktas,3,2,0.37,1.36,2.45,3.3,2.8,12.0,5.0
Kayserispor,Alanyaspor,1,0,1.24,1.24,1.95,3.5,3.8,7.0,14.0
Gaziantep,Rizespor,2,0,1.79,0.84,2.15,3.3,3.4,18.0,11.0
Samsunspor,Istanbulspor AS,2,1,1.47,0.53,1.65,3.8,4.33,19.0,20.0
Trabzonspor,Konyaspor,2,1,1.04,1.77,1.57,3.75,5.5,4.0,16.0
Ankaragucu,Antalyaspor,0,4,0.69,1.72,2.38,3.2,2.88,12.0,8.0
Kasimpasa,Kayserispor,3,4,2.24,1.22,2.1,3.75,2.8,8.0,5.0
Karagumruk,Sivasspor,3,0,1.89,0.89,2.15,3.3,3.2,14.0,10.0
Alanyaspor,Gaziantep,0,3,0.68,2.02,2.25,3.3,3.2,15.0,14.0
Hatayspor,Galatasaray,2,1,0.99,1.20,5.25,5.0,1.44,10.0,1.0
Pendikspor,Samsunspor,1,0,0.87,1.24,2.8,3.25,2.38,17.0,19.0
Rizespor,Istanbulspor AS,1,0,0.34,0.43,1.62,3.75,5.5,13.0,20.0
Adana Demirspor,Fenerbahce,0,0,0.15,0.98,3.4,4.0,1.91,6.0,2.0
Istanbulspor AS,Hatayspor,2,1,1.82,1.12,3.0,3.3,2.38,20.0,9.0
Konyaspor,Kasimpasa,2,0,1.82,0.69,2.05,3.5,3.6,16.0,8.0
Gaziantep,Ankaragucu,0,1,0.32,0.62,2.05,3.4,3.6,11.0,14.0
Galatasaray,Alanyaspor,4,0,3.27,0.18,1.2,7.0,11.0,2.0,17.0
Kayserispor,Adana Demirspor,1,1,0.95,0.63,2.2,3.5,3.1,5.0,3.0
Samsunspor,Besiktas,1,2,0.74,1.25,3.25,3.3,2.25,19.0,6.0
Antalyaspor,Rizespor,0,0,0.74,1.05,1.65,3.8,5.0,7.0,10.0
Fenerbahce,Karagumruk,2,1,1.90,0.53,1.25,6.5,9.0,2.0,13.0
Sivasspor,Trabzonspor,3,3,1.43,1.22,3.1,3.4,2.25,14.0,6.0
Basaksehir,Pendikspor,4,1,3.05,0.97,2.05,3.3,3.6,18.0,16.0
Karagumruk,Istanbulspor AS,3,0,1.66,0.20,1.67,3.6,5.0,14.0,20.0
Hatayspor,Antalyaspor,3,3,14,13,3.2,3.3,2.25,11.0,7.0
Alanyaspor,Konyaspor,2,2,1.83,1.16,2.6,3.3,2.63,18.0,15.0
Rizespor,Basaksehir,3,2,2.68,1.39,2.4,3.4,2.8,10.0,17.0
Pendikspor,Galatasaray,0,2,0.48,1.57,8.0,5.75,1.3,16.0,2.0
Adana Demirspor,Samsunspor,2,3,1.06,2.18,1.8,4.0,4.0,4.0,19.0
Kasimpasa,Gaziantep,4,2,2.02,2.88,2.25,3.4,3.1,10.0,14.0
Trabzonspor,Kayserispor,0,1,0.76,0.44,1.6,4.2,5.25,5.0,6.0
Ankaragucu,Besiktas,1,1,0.42,0.44,3.25,3.4,2.15,12.0,4.0
Fenerbahce,Sivasspor,4,1,1.31,0.85,1.2,7.0,10.0,2.0,13.0
Galatasaray,Adana Demirspor,3,1,3.62,1.07,1.29,5.75,8.5,2.0,5.0
Antalyaspor,Karagumruk,2,1,0.13,0.85,1.85,3.75,4.0,9.0,11.0
Samsunspor,Kasimpasa,4,2,2.27,1.40,1.83,4.0,3.8,18.0,8.0
Besiktas,Fenerbahce,1,3,1.26,4.47,4.33,3.6,1.8,4.0,2.0
Istanbulspor AS,Alanyaspor,0,1,0.44,2.61,3.2,3.5,2.15,20.0,19.0
Kayserispor,Pendikspor,2,0,1.57,1.66,1.65,4.0,5.0,3.0,18.0
Basaksehir,Hatayspor,1,0,0.90,1.82,1.85,3.5,4.2,19.0,10.0
Gaziantep,Trabzonspor,1,3,0.47,2.49,3.75,3.25,2.0,15.0,6.0
Konyaspor,Sivasspor,0,1,0.22,0.39,2.05,3.5,3.5,16.0,14.0
Ankaragucu,Rizespor,1,1,0.75,1.36,2.0,3.6,3.5,13.0,9.0
Basaksehir,Sivasspor,3,1,4.02,0.40,2.15,3.4,3.25,14.0,12.0
Istanbulspor AS,Trabzonspor,0,3,0.68,1.40,5.5,4.33,1.53,20.0,4.0
Gaziantep,Adana Demirspor,2,2,1.00,1.73,2.88,3.6,2.3,15.0,6.0
Kayserispor,Fenerbahce,3,4,1.88,1.61,5.25,3.75,1.53,4.0,1.0
Galatasaray,Karagumruk,1,0,1.14,0.39,1.25,5.25,8.5,2.0,14.0
Antalyaspor,Kasimpasa,0,0,0.38,0.30,1.85,3.4,3.5,7.0,9.0
Samsunspor,Konyaspor,1,1,1.19,1.51,2.1,3.2,3.1,17.0,16.0
Rizespor,Pendikspor,5,1,3.19,0.33,1.91,3.6,3.2,9.0,19.0
Besiktas,Alanyaspor,1,3,1.74,1.85,1.57,3.8,4.5,5.0,18.0
Ankaragucu,Hatayspor,0,0,1.35,0.73,2.1,3.5,2.88,11.0,10.0
Sivasspor,Istanbulspor AS,1,0,1.21,0.25,1.45,4.33,6.0,13.0,20.0
Karagumruk,Gaziantep,0,3,1.46,1.96,1.67,3.75,4.75,14.0,16.0
Trabzonspor,Basaksehir,1,1,1.21,0.95,1.6,4.0,4.75,3.0,14.0
Konyaspor,Kayserispor,2,0,1.94,0.90,2.3,3.2,3.0,17.0,4.0
Adana Demirspor,Antalyaspor,2,1,1.35,1.64,1.95,3.6,3.4,7.0,8.0
Fenerbahce,Galatasaray,0,0,0.30,0.40,2.1,3.6,3.0,1.0,2.0
Kasimpasa,Rizespor,2,2,1.50,1.57,2.3,3.5,2.7,9.0,7.0
Alanyaspor,Samsunspor,3,1,2.70,0.96,2.55,3.2,2.7,17.0,18.0
Pendikspor,Ankaragucu,1,1,1.32,0.46,3.0,3.2,2.3,19.0,13.0
Hatayspor,Besiktas,1,2,0.56,1.31,2.55,3.25,2.5,13.0,6.0
Gaziantep,Pendikspor,2,2,0.63,2.05,1.85,3.6,3.4,15.0,19.0
Besiktas,Kasimpasa,1,3,0.77,1.27,1.6,4.2,4.2,5.0,9.0
Antalyaspor,Alanyaspor,0,0,1.06,1.47,2.0,3.0,3.75,9.0,13.0
Rizespor,Hatayspor,2,0,0.85,0.74,1.8,3.5,4.0,7.0,14.0
Basaksehir,Adana Demirspor,0,0,0.83,0.80,1.91,3.75,3.4,15.0,7.0
Samsunspor,Karagumruk,1,0,1.51,0.23,2.38,3.2,2.9,18.0,17.0
Ankaragucu,Trabzonspor,0,1,0.72,0.86,3.5,3.4,2.05,12.0,3.0
Kayserispor,Sivasspor,1,3,1.48,2.13,2.1,3.6,3.1,4.0,10.0
Istanbulspor AS,Fenerbahce,1,5,0.78,3.13,13.0,7.5,1.17,20.0,1.0
Galatasaray,Konyaspor,3,0,2.77,0.57,1.29,6.0,8.0,2.0,16.0
Pendikspor,Antalyaspor,0,1,1.41,1.53,2.63,3.25,2.6,19.0,9.0
Alanyaspor,Ankaragucu,1,1,8,11,1.85,3.5,4.0,11.0,12.0
Rizespor,Besiktas,0,4,1.39,1.68,2.38,3.6,2.7,5.0,6.0
Kasimpasa,Basaksehir,0,3,0.58,2.35,2.25,3.6,2.8,9.0,13.0
Karagumruk,Kayserispor,4,1,1.15,1.84,2.0,3.3,3.6,18.0,5.0
Hatayspor,Gaziantep,0,0,0.52,0.15,2.1,3.4,3.4,16.0,15.0
Fenerbahce,Konyaspor,7,1,5.40,0.11,1.2,7.0,11.0,1.0,17.0
Adana Demirspor,Istanbulspor AS,2,2,1.46,1.17,1.44,4.75,5.75,7.0,20.0
Sivasspor,Galatasaray,1,1,1.79,1.97,4.75,4.0,1.67,10.0,2.0
Trabzonspor,Samsunspor,2,1,1.14,2.29,1.7,3.5,5.25,3.0,17.0
Hatayspor,Pendikspor,1,1,0.88,1.42,2.0,3.5,3.6,16.0,19.0
Ankaragucu,Kasimpasa,3,1,2.40,1.55,2.3,3.4,3.0,13.0,9.0
Basaksehir,Alanyaspor,3,2,0.83,1.86,2.05,3.4,3.6,12.0,13.0
Rizespor,Adana Demirspor,1,0,1.77,0.48,1.83,3.6,4.0,7.0,5.0
Besiktas,Karagumruk,3,0,1.80,0.33,1.85,3.8,4.0,4.0,16.0
Istanbulspor AS,Konyaspor,0,0,1.93,0.39,2.8,3.3,2.45,20.0,18.0
Samsunspor,Sivasspor,2,0,1.10,0.23,1.73,3.5,5.0,18.0,11.0
Antalyaspor,Trabzonspor,1,1,1.42,0.29,2.4,3.1,3.0,8.0,3.0
Gaziantep,Fenerbahce,0,1,0.28,1.94,7.5,5.5,1.33,15.0,1.0
Galatasaray,Kayserispor,2,1,2.70,1.65,1.18,7.5,13.0,2.0,8.0
Kasimpasa,Hatayspor,3,0,1.10,1.12,2.05,3.6,3.5,10.0,14.0
Karagumruk,Basaksehir,1,1,1.02,1.77,2.63,3.2,2.75,17.0,10.0
Alanyaspor,Rizespor,2,1,2.03,0.97,2.1,3.4,3.5,13.0,5.0
Pendikspor,Besiktas,4,0,1.12,1.50,3.6,3.75,2.0,19.0,4.0
Adana Demirspor,Ankaragucu,1,1,1.56,1.26,2.1,3.2,3.8,6.0,13.0
Sivasspor,Gaziantep,2,2,1.63,2.20,2.05,3.4,3.75,12.0,17.0
Konyaspor,Antalyaspor,1,1,0.54,1.22,3.1,3.1,2.5,18.0,7.0
Fenerbahce,Samsunspor,1,1,2.51,0.28,1.2,7.0,12.0,1.0,17.0
Trabzonspor,Galatasaray,1,5,1.38,1.29,4.2,3.8,1.8,3.0,2.0
Kayserispor,Istanbulspor AS,0,1,0.52,2.28,1.7,4.0,4.75,8.0,20.0
Hatayspor,Alanyaspor,1,1,0.09,2.58,2.63,3.25,2.75,17.0,13.0
Pendikspor,Kasimpasa,3,2,1.63,0.52,2.2,3.8,2.9,19.0,9.0
Besiktas,Adana Demirspor,0,0,1.18,0.24,1.55,4.5,5.25,4.0,6.0
Gaziantep,Konyaspor,1,1,0.69,0.65,2.7,3.1,2.8,16.0,19.0
Ankaragucu,Karagumruk,2,0,2.03,0.42,2.15,3.3,3.5,13.0,18.0
Basaksehir,Fenerbahce,0,1,0.28,2.88,6.0,4.5,1.5,11.0,1.0
Antalyaspor,Sivasspor,2,1,2.51,1.39,1.62,3.8,6.0,7.0,12.0
Samsunspor,Kayserispor,2,0,0.77,0.63,1.73,4.0,4.75,16.0,8.0
Rizespor,Trabzonspor,1,0,1.23,0.53,2.38,3.3,3.1,6.0,3.0
Galatasaray,Istanbulspor AS,3,1,2.59,0.37,1.14,8.0,19.0,2.0,20.0
Alanyaspor,Pendikspor,1,1,1.46,0.79,1.85,3.6,4.2,12.0,17.0
Adana Demirspor,Hatayspor,0,1,0.99,0.18,1.91,3.75,3.8,7.0,17.0
Konyaspor,Basaksehir,2,3,0.99,1.65,2.63,3.3,2.83,19.0,11.0
Sivasspor,Besiktas,1,0,0.82,1.01,3.2,3.3,2.25,13.0,4.0
Karagumruk,Rizespor,4,0,1.68,0.17,2.25,3.3,3.25,18.0,5.0
Fenerbahce,Ankaragucu,2,1,1.91,0.94,1.22,6.0,15.0,1.0,12.0
Kayserispor,Antalyaspor,1,1,1.53,2.00,2.9,3.3,2.45,10.0,6.0
Istanbulspor AS,Samsunspor,1,1,0.82,0.58,3.4,3.25,2.2,20.0,15.0
Trabzonspor,Kasimpasa,2,3,1.57,1.97,1.7,4.33,4.2,3.0,10.0
Galatasaray,Gaziantep,2,1,3.30,0.50,1.14,9.0,15.0,2.0,17.0
Hatayspor,Karagumruk,3,1,1.58,1.77,2.7,3.1,2.6,15.0,16.0
Ankaragucu,Sivasspor,0,0,0.60,0.68,1.91,3.5,4.0,12.0,11.0
Samsunspor,Galatasaray,0,2,1.01,1.62,4.75,4.0,1.67,15.0,2.0
Rizespor,Konyaspor,0,0,1.05,1.43,1.73,3.8,4.75,5.0,19.0
Basaksehir,Istanbulspor AS,2,0,2.98,0.37,1.57,4.33,5.25,9.0,20.0
Gaziantep,Kayserispor,1,1,0.70,0.78,2.05,3.5,3.5,17.0,10.0
Antalyaspor,Fenerbahce,0,2,0.65,1.07,5.5,4.2,1.57,6.0,2.0
Pendikspor,Adana Demirspor,2,1,1.25,1.27,2.0,3.8,3.5,18.0,9.0
Kasimpasa,Alanyaspor,2,1,1.98,0.56,2.55,3.5,2.63,8.0,14.0
Besiktas,Trabzonspor,2,0,0.53,1.49,1.91,3.6,4.0,4.0,3.0
Adana Demirspor,Kasimpasa,1,3,1.82,1.99,2.1,3.8,3.2,9.0,6.0
Galatasaray,Basaksehir,2,0,1.16,0.64,1.3,5.75,9.0,2.0,8.0
Sivasspor,Rizespor,1,0,0.65,1.30,2.5,3.3,2.88,11.0,6.0
Konyaspor,Ankaragucu,1,0,0.68,0.48,2.8,3.1,2.7,19.0,12.0
Istanbulspor AS,Gaziantep,1,3,0.85,1.57,3.4,3.1,2.3,20.0,19.0
Fenerbahce,Alanyaspor,2,2,1.98,0.55,1.2,7.0,13.0,2.0,16.0
Trabzonspor,Hatayspor,2,0,1.94,1.01,1.57,4.0,6.0,5.0,13.0
Samsunspor,Antalyaspor,2,0,0.84,0.52,2.0,3.3,3.75,17.0,7.0
Kayserispor,Besiktas,0,0,1.06,0.18,3.2,3.6,2.15,11.0,4.0
Kasimpasa,Karagumruk,1,1,0.56,1.40,2.9,3.6,2.3,5.0,16.0
Antalyaspor,Istanbulspor AS,2,2,1.70,2.18,1.44,4.75,7.5,7.0,20.0
Hatayspor,Sivasspor,1,1,0.66,0.22,2.25,3.3,3.25,15.0,9.0
Rizespor,Fenerbahce,1,3,0.65,1.68,6.5,5.0,1.44,6.0,2.0
Alanyaspor,Adana Demirspor,3,3,1.08,1.96,2.15,3.6,3.3,16.0,11.0
Pendikspor,Trabzonspor,0,2,0.55,1.50,3.1,3.6,2.25,18.0,3.0
Gaziantep,Samsunspor,1,1,0.47,0.90,3.1,3.0,2.5,17.0,14.0
Ankaragucu,Galatasaray,0,3,0.32,2.42,4.33,4.0,1.75,13.0,2.0
Besiktas,Konyaspor,2,0,1.56,0.15,1.53,4.2,6.0,4.0,19.0
Basaksehir,Kayserispor,2,3,2.80,1.25,2.0,3.5,3.75,9.0,11.0
Samsunspor,Rizespor,3,0,1.38,0.70,1.75,3.8,4.5,12.0,6.0
Kayserispor,Ankaragucu,3,2,0.74,1.83,2.15,3.3,3.5,8.0,13.0
Gaziantep,Basaksehir,0,2,0.69,0.32,2.75,3.3,2.63,17.0,10.0
Konyaspor,Hatayspor,2,0,1.74,0.27,2.25,3.25,3.4,19.0,14.0
Fenerbahce,Kasimpasa,2,1,3.58,0.92,1.2,7.5,11.0,2.0,5.0
Sivasspor,Pendikspor,4,1,1.67,0.98,2.4,3.4,2.9,10.0,19.0
Trabzonspor,Adana Demirspor,1,0,0.92,0.81,1.85,3.8,4.0,3.0,12.0
Karagumruk,Alanyaspor,1,1,1.04,1.88,1.85,3.6,4.33,16.0,15.0
Istanbulspor AS,Besiktas,0,2,0.86,0.88,6.5,4.33,1.5,20.0,4.0
Galatasaray,Antalyaspor,2,1,3.62,0.86,1.3,5.75,9.0,2.0,10.0
Kasimpasa,Sivasspor,0,0,1.10,0.42,1.85,3.6,4.0,5.0,7.0
Ankaragucu,Istanbulspor AS,1,1,1.14,0.86,1.55,4.2,5.75,15.0,20.0
Rizespor,Kayserispor,3,0,1.71,1.39,2.05,3.6,3.5,9.0,6.0
Hatayspor,Fenerbahce,0,2,0.68,2.61,8.0,5.5,1.33,16.0,2.0
Pendikspor,Konyaspor,0,2,1.25,1.97,2.15,3.4,3.4,19.0,18.0
Basaksehir,Samsunspor,1,0,0.83,0.76,2.2,3.3,3.4,9.0,11.0
Besiktas,Galatasaray,0,1,0.30,0.39,3.4,3.6,2.05,4.0,2.0
Adana Demirspor,Karagumruk,1,0,1.53,0.61,2.25,3.3,3.25,12.0,16.0
Antalyaspor,Gaziantep,1,0,2.12,0.48,1.85,3.6,4.2,11.0,18.0
Alanyaspor,Trabzonspor,3,1,2.39,1.22,2.9,3.4,2.4,15.0,3.0
Galatasaray,Rizespor,6,2,1.97,0.46,1.25,6.5,10.0,1.0,7.0
Sivasspor,Alanyaspor,1,2,0.70,0.80,2.4,3.3,3.0,9.0,13.0
Konyaspor,Adana Demirspor,2,2,1.65,0.39,2.63,3.2,2.8,14.0,12.0
Trabzonspor,Karagumruk,5,1,1.07,0.10,1.8,3.8,4.2,3.0,16.0
Basaksehir,Antalyaspor,1,0,0.91,0.25,2.25,3.5,3.25,6.0,8.0
Kayserispor,Hatayspor,1,1,1.83,0.27,1.91,3.6,4.0,10.0,17.0
Samsunspor,Ankaragucu,2,1,1.47,0.15,2.1,3.2,3.8,13.0,15.0
Istanbulspor AS,Kasimpasa,1,2,0.54,1.80,3.75,4.0,1.85,20.0,6.0
Fenerbahce,Pendikspor,4,1,2.58,0.52,1.18,8.0,12.0,2.0,19.0
Gaziantep,Besiktas,2,0,1.10,1.23,3.4,3.4,2.1,18.0,4.0
Pendikspor,Istanbulspor AS,1,0,1.71,0.21,1.53,4.2,6.0,19.0,20.0
Karagumruk,Konyaspor,1,1,0.80,0.72,1.95,3.3,4.2,18.0,14.0
Alanyaspor,Kayserispor,1,0,1.27,1.05,2.0,3.6,3.6,13.0,7.0
Ankaragucu,Basaksehir,2,1,1.73,1.62,2.4,3.2,3.1,16.0,6.0
Besiktas,Antalyaspor,1,2,1.46,1.52,1.85,3.5,4.33,4.0,10.0
Adana Demirspor,Sivasspor,4,1,1.05,0.29,1.7,3.6,5.5,12.0,11.0
Rizespor,Gaziantep,3,1,2.45,1.16,1.91,3.5,4.33,11.0,16.0
Kasimpasa,Galatasaray,3,4,2.33,2.25,5.75,4.75,1.53,5.0,1.0
Hatayspor,Samsunspor,3,0,1.16,0.26,3.3,3.3,2.25,18.0,13.0
Trabzonspor,Fenerbahce,2,3,1.16,0.91,3.3,3.75,2.0,3.0,2.0
Istanbulspor AS,Rizespor,0,4,0.25,2.63,4.75,4.0,1.7,20.0,7.0
Gaziantep,Alanyaspor,0,3,1.16,3.12,2.25,3.3,3.25,17.0,10.0
Galatasaray,Hatayspor,1,0,1.83,0.56,1.17,7.5,15.0,1.0,15.0
Antalyaspor,Ankaragucu,1,1,0.49,0.72,1.95,3.5,4.0,9.0,14.0
Sivasspor,Karagumruk,1,0,2.80,1.30,2.55,3.2,2.88,12.0,18.0
Konyaspor,Trabzonspor,1,3,1.15,1.40,3.3,3.4,2.15,16.0,3.0
Kayserispor,Kasimpasa,0,2,0.78,1.48,2.0,3.75,3.4,12.0,6.0
Fenerbahce,Adana Demirspor,4,2,2.85,1.30,1.29,6.5,8.0,2.0,11.0
Samsunspor,Pendikspor,0,0,0.27,0.67,2.1,3.25,3.75,13.0,19.0
Basaksehir,Besiktas,1,1,0.80,1.05,2.75,3.3,2.63,7.0,4.0
Trabzonspor,Sivasspor,0,1,1.40,1.26,1.4,4.5,8.0,3.0,10.0
Kasimpasa,Konyaspor,0,2,0.63,1.69,1.91,3.6,4.0,5.0,16.0
Ankaragucu,Gaziantep,3,1,1.29,0.81,1.8,3.5,4.5,15.0,17.0
Besiktas,Samsunspor,1,1,0.86,1.07,1.73,3.75,5.0,4.0,14.0
Adana Demirspor,Kayserispor,0,0,1.22,0.56,1.8,3.75,4.5,11.0,12.0
Pendikspor,Basaksehir,2,3,1.72,2.03,2.55,3.4,2.8,19.0,8.0
Rizespor,Antalyaspor,3,0,2.46,1.22,1.95,3.75,3.8,7.0,9.0
Hatayspor,Istanbulspor AS,0,3,0.99,3.00,1.36,5.0,8.0,16.0,20.0
Karagumruk,Fenerbahce,1,2,0.78,2.11,6.5,4.75,1.45,18.0,2.0
Alanyaspor,Galatasaray,0,4,0.69,2.46,6.0,5.0,1.44,10.0,2.0
Besiktas,Ankaragucu,2,0,0.63,0.65,1.91,3.6,4.0,4.0,14.0
Istanbulspor AS,Karagumruk,1,2,2.59,3.09,5.0,4.75,1.57,20.0,18.0
Konyaspor,Alanyaspor,0,2,5,11,2.2,3.5,3.1,15.0,10.0
Samsunspor,Adana Demirspor,1,1,1.51,0.37,2.3,3.3,3.1,13.0,11.0
Kayserispor,Trabzonspor,1,2,1.49,0.97,3.4,3.6,2.05,12.0,3.0
Basaksehir,Rizespor,2,0,1.69,0.66,2.1,3.6,3.5,6.0,5.0
Gaziantep,Kasimpasa,2,0,0.77,1.11,2.6,3.5,2.63,18.0,7.0
Galatasaray,Pendikspor,4,1,2.70,0.94,1.25,6.5,11.0,1.0,19.0
Antalyaspor,Hatayspor,2,1,0.98,2.28,1.95,3.5,4.0,10.0,18.0
Sivasspor,Fenerbahce,2,2,1.27,1.01,10.0,5.5,1.3,10.0,2.0
Adana Demirspor,Galatasaray,0,3,0.77,1.47,6.0,5.0,1.45,11.0,1.0
Sivasspor,Konyaspor,1,0,0.46,0.36,3.1,3.2,2.38,10.0,15.0
Kasimpasa,Samsunspor,1,0,1.58,0.95,2.3,3.3,3.1,8.0,13.0
Hatayspor,Basaksehir,1,2,1.23,0.75,3.0,3.2,2.45,18.0,5.0
Fenerbahce,Besiktas,2,1,0.92,0.47,1.4,5.25,6.5,2.0,5.0
Pendikspor,Kayserispor,1,2,1.11,0.66,2.05,3.5,3.4,19.0,12.0
Alanyaspor,Istanbulspor AS,6,0,2.24,1.19,1.29,6.0,11.0,10.0,20.0
Trabzonspor,Gaziantep,4,2,2.08,0.61,1.55,4.0,5.75,3.0,16.0
Rizespor,Ankaragucu,2,2,0.96,1.07,2.05,3.3,3.6,9.0,14.0
Karagumruk,Antalyaspor,4,1,2.10,0.55,1.65,4.0,5.0,17.0,10.0
Besiktas,Rizespor,3,2,1.81,1.21,1.73,3.8,4.75,5.0,7.0
Ankaragucu,Alanyaspor,1,1,0.78,2.06,2.2,3.4,3.25,14.0,8.0
Istanbulspor AS,Adana Demirspor,0,1,0.78,1.54,3.3,4.0,1.95,20.0,12.0
Samsunspor,Trabzonspor,3,1,2.16,0.30,2.75,3.25,2.7,14.0,3.0
Kayserispor,Karagumruk,2,2,1.34,1.68,2.75,3.2,2.63,12.0,15.0
Basaksehir,Kasimpasa,4,1,2.04,0.41,2.0,3.5,4.0,5.0,7.0
Gaziantep,Hatayspor,1,1,1.79,0.90,2.25,3.3,3.3,17.0,18.0
Galatasaray,Sivasspor,6,1,2.02,0.93,1.17,9.0,13.0,1.0,9.0
Konyaspor,Fenerbahce,0,0,0.22,2.62,7.0,4.75,1.4,16.0,2.0
Antalyaspor,Pendikspor,1,2,1.72,2.05,2.2,3.6,3.0,10.0,19.0
Trabzonspor,Istanbulspor AS,3,0,0.64,0.46,1.18,8.0,11.0,3.0,20.0
Sivasspor,Basaksehir,0,1,0.57,1.65,3.2,3.4,2.15,9.0,4.0
Pendikspor,Rizespor,2,1,1.98,0.78,1.73,4.33,4.0,19.0,8.0
Konyaspor,Samsunspor,3,0,0.94,0.19,2.05,3.5,3.6,16.0,13.0
Kasimpasa,Antalyaspor,3,1,2.88,1.81,1.75,4.0,4.0,7.0,10.0
Karagumruk,Galatasaray,2,3,0.99,1.34,6.5,4.75,1.44,16.0,1.0
Hatayspor,Ankaragucu,2,1,1.44,1.65,2.55,3.4,2.63,19.0,15.0
Fenerbahce,Kayserispor,3,0,1.77,0.36,1.17,7.5,15.0,2.0,12.0
Alanyaspor,Besiktas,1,1,1.91,0.43,2.75,3.75,2.3,7.0,5.0
Adana Demirspor,Gaziantep,1,6,0.48,2.49,2.38,3.8,2.7,11.0,19.0
Istanbulspor AS,Sivasspor,1,3,1.53,1.25,3.0,3.6,2.2,20.0,9.0
Antalyaspor,Adana Demirspor,2,1,0.44,2.21,1.8,3.9,3.9,10.0,11.0
Samsunspor,Alanyaspor,1,1,1.19,0.44,2.05,3.4,3.6,13.0,8.0
Rizespor,Kasimpasa,0,0,1.28,1.62,2.2,3.7,2.9,9.0,6.0
Kayserispor,Konyaspor,2,2,1.19,1.80,2.9,2.4,3.25,12.0,14.0
Gaziantep,Karagumruk,3,1,1.58,0.28,2.75,3.5,2.4,16.0,17.0
Besiktas,Hatayspor,2,2,2.62,0.86,1.5,4.5,5.75,5.0,18.0
Basaksehir,Trabzonspor,0,1,1.00,0.57,2.2,3.4,3.2,4.0,3.0
Ankaragucu,Pendikspor,0,0,0.84,0.18,1.85,3.6,4.0,16.0,19.0
Galatasaray,Fenerbahce,0,1,0.52,1.35,2.2,3.9,2.8,1.0,2.0
Alanyaspor,Antalyaspor,1,1,2.05,0.31,1.67,4.5,4.33,7.0,10.0
Karagumruk,Samsunspor,3,1,1.30,0.92,2.1,3.75,3.1,18.0,13.0
Sivasspor,Kayserispor,2,1,1.16,1.27,1.8,4.2,3.6,8.0,11.0
Trabzonspor,Ankaragucu,4,2,1.58,1.83,2.75,3.8,2.3,3.0,17.0
Pendikspor,Gaziantep,0,1,0.23,0.69,3.0,3.5,2.3,19.0,14.0
Konyaspor,Galatasaray,1,3,0.34,2.31,7.0,2.7,1.83,15.0,1.0
Kasimpasa,Besiktas,2,1,1.99,0.97,2.25,3.8,2.8,7.0,5.0
Hatayspor,Rizespor,2,0,1.83,0.77,1.57,4.5,4.75,18.0,9.0
Fenerbahce,Istanbulspor AS,6,0,5.94,0.27,1.03,17.0,41.0,2.0,20.0
Adana Demirspor,Basaksehir,2,6,1.14,2.31,3.25,3.8,2.05,12.0,4.0
